run_id,t,node,demand,ls,curtailment
1,114,NL0 24,474.07758766600034,0.0,158.0527851212829
1,115,NL0 24,479.5649915610384,0.0,38.2214373308459
1,151,NL0 24,454.0088762736251,0.0,200.3147650861852
1,175,NL0 24,491.3383611949693,0.0,257.7774879114114
1,176,NL0 10,1038.018179688212,0.0,1038.018179688212
1,176,NL0 24,539.7906718339335,0.0,539.7906718339335
1,176,NL0 27,400.4787102172341,0.0,35.090528496703655
1,177,NL0 10,1057.135599803937,0.0,1057.135599803937
1,177,NL0 24,549.7321210782025,0.0,549.7321210782025
1,177,NL0 27,407.85441894800624,0.0,371.0775165095165
1,178,NL0 10,1039.7138317040353,0.0,1039.7138317040353
1,178,NL0 24,540.6724455434198,0.0,540.6724455434198
1,178,NL0 27,401.1329112182976,0.0,164.39399472853165
1,179,NL0 10,1015.3442842825474,0.0,734.3532051874995
1,179,NL0 24,527.9997827400717,0.0,527.9997827400717
1,180,NL0 10,1001.4955213543487,0.0,305.3342545583479
1,180,NL0 24,520.7981429312905,0.0,520.7981429312905
1,181,NL0 10,1005.160543930862,0.0,269.101418562249
1,181,NL0 24,522.7040295887447,0.0,522.7040295887447
1,182,NL0 10,1010.318935112501,0.0,244.68985359490907
1,182,NL0 24,525.3864984471952,0.0,525.3864984471952
1,183,NL0 10,1030.357796778276,0.0,105.49801555282363
1,183,NL0 24,535.8071161329133,0.0,535.8071161329133
1,184,NL0 24,554.909947438456,0.0,451.132115552982
1,185,NL0 10,1106.7441962232401,0.0,39.04261913246884
1,185,NL0 24,575.5296052782936,0.0,575.5296052782936
2,176,NL0 14,145.02057846964792,0.0,145.02057846964792
2,176,NL0 26,165.95317689874994,0.0,165.95317689874994
2,176,NL0 28,125.98389436294894,0.0,125.98389436294894
2,176,NL0 4,208.83066600606915,0.0,136.92712139818536
2,177,NL0 14,147.69145589576627,0.0,146.56020293665938
2,177,NL0 20,246.9884014944237,0.0,246.9884014944237
2,177,NL0 24,549.7321210782025,0.0,149.5368805037083
2,177,NL0 26,169.00957481585152,0.0,169.00957481585152
2,177,NL0 28,128.304168789236,0.0,128.304168789236
2,177,NL0 4,212.6767485248588,0.0,212.6767485248588
2,178,NL0 14,145.2574764749331,0.0,133.93513696297228
2,178,NL0 20,242.91799212120864,0.0,52.01294107310025
2,178,NL0 26,166.22426929813852,0.0,150.37056988125744
2,178,NL0 28,126.1896950402569,0.0,115.54098798325538
2,178,NL0 4,209.17180082115038,0.0,209.17180082115038
2,179,NL0 14,141.85282910626253,0.0,43.12776744884404
2,179,NL0 28,123.23197180563706,0.0,111.59175248730386
2,185,NL0 28,134.32514635309803,0.0,19.27275775349495
3,176,NL0 14,145.02057846964792,0.0,145.02057846964792
3,176,NL0 26,165.95317689874994,0.0,165.95317689874994
3,176,NL0 28,125.98389436294894,0.0,125.98389436294894
3,176,NL0 4,208.83066600606915,0.0,132.45426336999373
3,177,NL0 14,147.69145589576627,0.0,146.5602029366596
3,177,NL0 20,246.9884014944237,0.0,246.9884014944237
3,177,NL0 24,549.7321210782025,0.0,145.00116255181825
3,177,NL0 26,169.00957481585152,0.0,169.00957481585152
3,177,NL0 28,128.304168789236,0.0,128.304168789236
3,177,NL0 4,212.6767485248588,0.0,212.6767485248588
3,178,NL0 14,145.2574764749331,0.0,133.93513696297234
3,178,NL0 20,242.91799212120864,0.0,47.52157021643855
3,178,NL0 26,166.22426929813852,0.0,150.37056988125758
3,178,NL0 28,126.1896950402569,0.0,115.540987983256
3,178,NL0 4,209.17180082115038,0.0,209.17180082115038
3,179,NL0 14,141.85282910626253,0.0,38.13720733208616
3,179,NL0 28,123.23197180563706,0.0,111.59175248730355
3,185,NL0 28,134.32514635309803,0.0,14.637875391980742
4,114,NL0 24,474.07758766600034,0.0,140.52397011372432
4,115,NL0 24,479.5649915610384,0.0,20.69262232328606
4,151,NL0 24,454.0088762736251,0.0,182.785950078624
4,175,NL0 24,491.3383611949693,0.0,240.24867290385384
4,176,NL0 0,876.5795473808435,0.0,175.6715217993709
4,176,NL0 10,1038.018179688212,0.0,882.9910276743527
4,176,NL0 24,539.7906718339335,0.0,539.7906718339335
4,177,NL0 0,892.7237149879707,0.0,319.25217446601056
4,177,NL0 10,1057.135599803937,0.0,1057.135599803937
4,177,NL0 24,549.7321210782025,0.0,549.7321210782025
4,177,NL0 27,407.85441894800624,0.0,35.75957871979684
4,178,NL0 0,878.0114817203674,0.0,153.81953096613302
4,178,NL0 10,1039.7138317040353,0.0,1033.677332926387
4,178,NL0 24,540.6724455434198,0.0,540.6724455434198
4,179,NL0 10,1015.3442842825474,0.0,717.3106688444059
4,179,NL0 24,527.9997827400717,0.0,527.9997827400717
4,180,NL0 10,1001.4955213543487,0.0,288.2917182152537
4,180,NL0 24,520.7981429312905,0.0,520.7981429312905
4,181,NL0 10,1005.160543930862,0.0,252.05888221915507
4,181,NL0 24,522.7040295887447,0.0,522.7040295887447
4,182,NL0 10,1010.318935112501,0.0,227.64731725181548
4,182,NL0 24,525.3864984471952,0.0,525.3864984471952
4,183,NL0 10,1030.357796778276,0.0,88.45547920973013
4,183,NL0 24,535.8071161329133,0.0,535.8071161329133
4,184,NL0 24,554.909947438456,0.0,434.31583873962074
4,185,NL0 0,934.6168935915413,0.0,135.45584897513066
4,185,NL0 24,575.5296052782936,0.0,466.07662996011055
5,176,NL0 10,1038.018179688212,0.0,446.48383095080504
5,176,NL0 24,539.7906718339335,0.0,539.7906718339335
5,176,NL0 28,125.98389436294894,0.0,38.12034940382921
5,177,NL0 10,1057.135599803937,0.0,786.9612295337668
5,177,NL0 24,549.7321210782025,0.0,549.7321210782025
5,177,NL0 28,128.304168789236,0.0,83.22625737453671
5,178,NL0 10,1039.7138317040353,0.0,576.8586093085986
5,178,NL0 24,540.6724455434198,0.0,540.6724455434198
5,178,NL0 28,126.1896950402569,0.0,4.57814246842554
5,179,NL0 10,1015.3442842825474,0.0,111.93744466514994
5,179,NL0 24,527.9997827400717,0.0,527.9997827400717
5,180,NL0 24,520.7981429312905,0.0,205.61128951940373
5,181,NL0 24,522.7040295887447,0.0,178.14157277055756
5,182,NL0 24,525.3864984471952,0.0,158.85064400722115
5,183,NL0 24,535.8071161329133,0.0,29.973682114999463
5,185,NL0 28,134.32514635309803,0.0,54.634242724968686
6,176,NL0 10,1038.018179688212,0.0,44.421327308280745
6,176,NL0 20,242.5218212033466,0.0,242.5218212033466
6,176,NL0 24,539.7906718339335,0.0,539.7906718339335
6,176,NL0 25,261.80282880036805,0.0,82.55222459695051
6,176,NL0 4,208.83066600606915,0.0,208.83066600606915
6,177,NL0 10,1057.135599803937,0.0,512.9135282760914
6,177,NL0 20,246.9884014944237,0.0,246.9884014944237
6,177,NL0 24,549.7321210782025,0.0,549.7321210782025
6,177,NL0 25,266.62451185332304,0.0,84.90992675527059
6,177,NL0 4,212.6767485248588,0.0,212.6767485248588
6,178,NL0 10,1039.7138317040353,0.0,170.62985415842047
6,178,NL0 20,242.91799212120864,0.0,242.91799212120864
6,178,NL0 24,540.6724455434198,0.0,540.6724455434198
6,178,NL0 25,262.23049616023735,0.0,64.88990334058167
6,178,NL0 4,209.17180082115038,0.0,209.17180082115038
6,179,NL0 20,237.22430858251013,0.0,237.22430858251013
6,179,NL0 24,527.9997827400717,0.0,89.21892000080241
6,179,NL0 25,256.0841525061728,0.0,38.99318854315095
6,179,NL0 4,204.2690843582996,0.0,204.2690843582996
6,183,NL0 25,259.87077216132377,0.0,62.28168468132225
6,185,NL0 25,279.1364997255301,0.0,127.4119117767098
6,185,NL0 4,222.6571095942392,0.0,27.270328503620306
7,176,NL0 10,1038.018179688212,0.0,562.2890496413927
7,176,NL0 20,242.5218212033466,0.0,242.5218212033466
7,176,NL0 24,539.7906718339335,0.0,539.7906718339335
7,176,NL0 26,165.95317689874994,0.0,165.95317689874994
7,176,NL0 4,208.83066600606915,0.0,208.83066600606915
7,177,NL0 10,1057.135599803937,0.0,1027.4105429632632
7,177,NL0 20,246.9884014944237,0.0,246.9884014944237
7,177,NL0 24,549.7321210782025,0.0,549.7321210782025
7,177,NL0 26,169.00957481585152,0.0,169.00957481585152
7,177,NL0 4,212.6767485248588,0.0,212.6767485248588
7,178,NL0 10,1039.7138317040353,0.0,685.614776313996
7,178,NL0 20,242.91799212120864,0.0,242.91799212120864
7,178,NL0 24,540.6724455434198,0.0,540.6724455434198
7,178,NL0 26,166.22426929813852,0.0,150.37056988125767
7,178,NL0 4,209.17180082115038,0.0,209.17180082115038
7,179,NL0 10,1015.3442842825474,0.0,70.88349717141055
7,179,NL0 20,237.22430858251013,0.0,237.22430858251013
7,179,NL0 24,527.9997827400717,0.0,527.9997827400717
7,179,NL0 26,162.32818742470215,0.0,143.34460093141047
7,179,NL0 4,204.2690843582996,0.0,204.2690843582996
7,180,NL0 20,233.9886935687452,0.0,185.54300118991668
7,180,NL0 24,520.7981429312905,0.0,30.885792338168798
7,180,NL0 26,160.11411617910747,0.0,127.28961437955468
7,180,NL0 4,201.4829612997183,0.0,201.4829612997183
7,181,NL0 20,234.84498680849785,0.0,194.17429703816467
7,181,NL0 26,160.7000617356301,0.0,141.55994880892672
7,181,NL0 4,202.22029819858693,0.0,202.22029819858693
7,182,NL0 20,236.05018961547194,0.0,235.68431035926966
7,182,NL0 26,161.5247596272765,0.0,149.4371682809729
7,182,NL0 4,203.25807411336433,0.0,203.25807411336433
7,183,NL0 20,240.73205484781826,0.0,240.73205484781826
7,183,NL0 24,535.8071161329133,0.0,41.693755184911154
7,183,NL0 26,164.72847303031998,0.0,161.87654392693014
7,183,NL0 4,207.28953416825877,0.0,207.28953416825877
7,184,NL0 20,249.31474009990026,0.0,162.0964529108213
7,184,NL0 26,170.6014451069679,0.0,170.6014451069679
7,184,NL0 4,214.6799119430073,0.0,214.6799119430073
7,185,NL0 20,258.57891829497237,0.0,258.57891829497237
7,185,NL0 24,575.5296052782936,0.0,94.9172023597398
7,185,NL0 26,176.94075014434543,0.0,176.94075014434543
7,185,NL0 4,222.6571095942392,0.0,222.6571095942392
8,176,NL0 24,539.7906718339335,0.0,181.311159303262
8,177,NL0 24,549.7321210782025,0.0,537.9959104383519
8,178,NL0 24,540.6724455434198,0.0,309.0288331508042
9,176,NL0 24,539.7906718339335,0.0,218.02417532707244
9,177,NL0 10,1057.135599803937,0.0,25.311750164980236
9,177,NL0 24,549.7321210782025,0.0,549.7321210782025
9,178,NL0 24,540.6724455434198,0.0,345.74184917461463
10,176,NL0 10,1038.018179688212,0.0,238.65103381247025
10,176,NL0 14,145.02057846964792,0.0,145.02057846964792
10,176,NL0 20,242.5218212033466,0.0,216.3220863165834
10,176,NL0 24,539.7906718339335,0.0,539.7906718339335
10,176,NL0 26,165.95317689874994,0.0,165.95317689874994
10,176,NL0 4,208.83066600606915,0.0,176.04636627130373
10,177,NL0 10,1057.135599803937,0.0,636.8419573470239
10,177,NL0 14,147.69145589576627,0.0,146.56020293665938
10,177,NL0 20,246.9884014944237,0.0,246.9884014944237
10,177,NL0 24,549.7321210782025,0.0,549.7321210782025
10,177,NL0 26,169.00957481585152,0.0,169.00957481585152
10,177,NL0 4,212.6767485248588,0.0,212.6767485248588
10,178,NL0 10,1039.7138317040353,0.0,369.15933299015495
10,178,NL0 14,145.2574764749331,0.0,133.93513696297222
10,178,NL0 20,242.91799212120864,0.0,226.05592814515182
10,178,NL0 24,540.6724455434198,0.0,540.6724455434198
10,178,NL0 26,166.22426929813852,0.0,150.37056988125752
10,178,NL0 4,209.17180082115038,0.0,160.97813341687436
10,179,NL0 14,141.85282910626253,0.0,129.4138743092686
10,179,NL0 20,237.22430858251013,0.0,203.7307936085071
10,179,NL0 24,527.9997827400717,0.0,438.6565300630524
10,179,NL0 26,162.32818742470215,0.0,143.34460093141038
10,179,NL0 4,204.2690843582996,0.0,28.944118666356303
10,180,NL0 14,139.918030997486,0.0,121.7783649455906
10,180,NL0 20,233.9886935687452,0.0,144.7129809828423
10,180,NL0 24,520.7981429312905,0.0,15.672777017094925
10,180,NL0 26,160.11411617910747,0.0,48.177430937831126
10,181,NL0 14,140.43006797771494,0.0,129.41726928493674
10,181,NL0 20,234.84498680849785,0.0,156.00362035911
10,181,NL0 26,160.7000617356301,0.0,55.13486233374579
10,182,NL0 14,141.15074213137834,0.0,132.5768202671044
10,182,NL0 20,236.05018961547194,0.0,156.9498223573726
10,182,NL0 26,161.5247596272765,0.0,88.9433479678679
10,183,NL0 14,143.95035332076694,0.0,138.73090414786049
10,183,NL0 20,240.73205484781826,0.0,43.76835288159542
10,183,NL0 26,164.72847303031998,0.0,161.87654392692977
10,183,NL0 4,207.28953416825877,0.0,75.36448638583283
10,184,NL0 14,149.08253472161596,0.0,143.63267976404595
10,184,NL0 26,170.6014451069679,0.0,169.88202515199964
10,185,NL0 14,154.62222790975503,0.0,146.25982485528527
10,185,NL0 26,176.94075014434543,0.0,176.94075014434543
10,185,NL0 4,222.6571095942392,0.0,193.50817143349033
11,176,NL0 10,1038.018179688212,0.0,260.31642108115483
11,176,NL0 20,242.5218212033466,0.0,216.3220863165841
11,176,NL0 24,539.7906718339335,0.0,539.7906718339335
11,177,NL0 10,1057.135599803937,0.0,606.2777680136546
11,177,NL0 20,246.9884014944237,0.0,246.9884014944237
11,177,NL0 24,549.7321210782025,0.0,549.7321210782025
11,178,NL0 10,1039.7138317040353,0.0,390.4720517271346
11,178,NL0 20,242.91799212120864,0.0,226.05592814515268
11,178,NL0 24,540.6724455434198,0.0,540.6724455434198
11,179,NL0 20,237.22430858251013,0.0,203.73079360850676
11,179,NL0 24,527.9997827400717,0.0,458.75667027857486
11,180,NL0 20,233.9886935687452,0.0,144.71298098284333
11,180,NL0 24,520.7981429312905,0.0,34.47604815144808
11,181,NL0 20,234.84498680849785,0.0,169.91913940367036
11,181,NL0 24,522.7040295887447,0.0,2.0705812652180384
11,182,NL0 20,236.05018961547194,0.0,173.48203937541325
11,183,NL0 20,240.73205484781826,0.0,62.42062743463504
12,176,NL0 0,876.5795473808435,0.0,841.6914436217403
12,176,NL0 14,145.02057846964792,0.0,145.02057846964792
12,176,NL0 26,165.95317689874994,0.0,95.89693496224514
12,176,NL0 8,349.37954216667697,0.0,349.37954216667697
12,177,NL0 14,147.69145589576627,0.0,4.58731711524524
12,177,NL0 21,701.0408892934616,0.0,701.0408892934616
12,177,NL0 26,169.00957481585152,0.0,169.00957481585152
12,177,NL0 5,1233.116379154099,0.0,1044.9764738433073
12,178,NL0 10,1039.7138317040353,0.0,723.4405632071855
12,178,NL0 14,145.2574764749331,0.0,133.93513696297154
12,178,NL0 24,540.6724455434198,0.0,540.6724455434198
12,178,NL0 26,166.22426929813852,0.0,131.52314654623933
12,179,NL0 14,141.85282910626253,0.0,70.94512980172216
12,179,NL0 17,622.6043536204365,0.0,622.6043536204365
12,179,NL0 18,626.699588423625,0.0,185.45723452279356
12,180,NL0 14,139.918030997486,0.0,67.0075150166921
12,180,NL0 23,177.49433828661265,0.0,161.17361164284563
12,181,NL0 0,848.832122486191,0.0,139.0061594985398
12,181,NL0 14,140.43006797771494,0.0,87.10002585299841
12,182,NL0 0,853.1882506308566,0.0,194.0363746422578
12,182,NL0 14,141.15074213137834,0.0,89.35184911815972
12,183,NL0 0,870.1105518320634,0.0,193.66812842330364
12,183,NL0 26,164.72847303031998,0.0,164.72847303031998
12,184,NL0 0,901.1321164741751,0.0,194.96798423308368
12,184,NL0 14,149.08253472161596,0.0,66.84900299394192
12,185,NL0 26,176.94075014434543,0.0,176.94075014434543
12,185,NL0 27,426.99395532458226,0.0,300.4996570358584
13,176,NL0 10,1038.018179688212,0.0,240.5466220675579
13,176,NL0 20,242.5218212033466,0.0,216.3220863165841
13,176,NL0 24,539.7906718339335,0.0,539.7906718339335
13,177,NL0 10,1057.135599803937,0.0,586.7829881091254
13,177,NL0 20,246.9884014944237,0.0,246.9884014944237
13,177,NL0 24,549.7321210782025,0.0,549.7321210782025
13,178,NL0 10,1039.7138317040353,0.0,370.48520304616335
13,178,NL0 20,242.91799212120864,0.0,226.05592814515174
13,178,NL0 24,540.6724455434198,0.0,540.6724455434198
13,179,NL0 20,237.22430858251013,0.0,203.73079360850699
13,179,NL0 24,527.9997827400717,0.0,439.04625498152313
13,180,NL0 20,233.9886935687452,0.0,144.71298098284322
13,180,NL0 24,520.7981429312905,0.0,15.60161903465314
13,181,NL0 20,234.84498680849785,0.0,155.3139970841528
13,182,NL0 20,236.05018961547194,0.0,156.58833651100696
13,183,NL0 20,240.73205484781826,0.0,44.76019375640681
14,176,NL0 21,688.3631465314071,0.0,688.3631465314071
14,176,NL0 26,165.95317689874994,0.0,18.047979438927193
14,176,NL0 3,994.0991592558735,0.0,980.6970297236305
14,176,NL0 33,0.051155352941510704,0.0,0.051155352941510704
14,177,NL0 21,701.0408892934616,0.0,146.1025011330557
14,177,NL0 22,769.983017026705,0.0,769.983017026705
14,177,NL0 24,549.7321210782025,0.0,549.7321210782025
14,177,NL0 26,169.00957481585152,0.0,13.35562280679119
14,177,NL0 7,1153.7384839915107,0.0,694.0721803826925
14,178,NL0 21,689.4876204374277,0.0,656.8266954126623
14,178,NL0 24,540.6724455434198,0.0,540.6724455434198
14,178,NL0 27,401.1329112182976,0.0,401.1329112182976
14,178,NL0 30,197.19549341870567,0.0,197.19549341870567
14,179,NL0 10,1015.3442842825474,0.0,1015.3442842825474
14,179,NL0 27,391.7308746153677,0.0,134.43994964937622
14,180,NL0 0,845.7371055644011,0.0,506.5941520101878
14,181,NL0 21,666.5735613583362,0.0,355.3203575539152
14,181,NL0 26,160.7000617356301,0.0,141.5599488089268
14,182,NL0 0,853.1882506308566,0.0,551.0027937895545
14,183,NL0 0,870.1105518320634,0.0,619.8570876020038
14,184,NL0 0,901.1321164741751,0.0,518.3756977592208
14,185,NL0 0,934.6168935915413,0.0,80.2239260260377
14,185,NL0 16,474.207296450776,0.0,474.207296450776
14,185,NL0 26,176.94075014434543,0.0,176.94075014434543
15,176,NL0 10,1038.018179688212,0.0,218.25235212037708
15,176,NL0 20,242.5218212033466,0.0,216.32208631658403
15,176,NL0 24,539.7906718339335,0.0,539.7906718339335
15,176,NL0 28,125.98389436294894,0.0,120.9761272637694
15,177,NL0 10,1057.135599803937,0.0,561.1599109540415
15,177,NL0 14,147.69145589576627,0.0,27.53276442631079
15,177,NL0 20,246.9884014944237,0.0,246.9884014944237
15,177,NL0 24,549.7321210782025,0.0,549.7321210782025
15,177,NL0 28,128.304168789236,0.0,128.304168789236
15,178,NL0 10,1039.7138317040353,0.0,349.3676092056754
15,178,NL0 20,242.91799212120864,0.0,226.05592814515234
15,178,NL0 24,540.6724455434198,0.0,540.6724455434198
15,178,NL0 28,126.1896950402569,0.0,83.43711196099378
15,179,NL0 20,237.22430858251013,0.0,203.73079360850707
15,179,NL0 24,527.9997827400717,0.0,422.98128710592255
15,179,NL0 28,123.23197180563706,0.0,29.703153382208868
15,180,NL0 20,233.9886935687452,0.0,144.71298098284336
15,180,NL0 24,520.7981429312905,0.0,2.960342031643364
15,181,NL0 20,234.84498680849785,0.0,143.9248734532695
15,182,NL0 20,236.05018961547194,0.0,144.9803785325847
15,182,NL0 28,122.62204697834143,0.0,10.717551717316574
15,183,NL0 20,240.73205484781826,0.0,28.481469936132083
15,183,NL0 28,125.0541564352423,0.0,80.00196400882783
15,184,NL0 28,129.5126423017249,0.0,53.623655030772476
15,185,NL0 14,154.62222790975503,0.0,1.3007046397196247
15,185,NL0 28,134.32514635309803,0.0,134.32514635309803
16,176,NL0 20,242.5218212033466,0.0,242.5218212033466
16,176,NL0 24,539.7906718339335,0.0,491.49106325032096
16,176,NL0 25,261.80282880036805,0.0,144.02342707595972
16,176,NL0 4,208.83066600606915,0.0,208.83066600606915
16,177,NL0 10,1057.135599803937,0.0,423.8423791720087
16,177,NL0 20,246.9884014944237,0.0,246.9884014944237
16,177,NL0 24,549.7321210782025,0.0,549.7321210782025
16,177,NL0 25,266.62451185332304,0.0,143.96142994543322
16,177,NL0 4,212.6767485248588,0.0,212.6767485248588
16,178,NL0 10,1039.7138317040353,0.0,76.16135940565945
16,178,NL0 20,242.91799212120864,0.0,242.91799212120864
16,178,NL0 24,540.6724455434198,0.0,540.6724455434198
16,178,NL0 25,262.23049616023735,0.0,127.51968498563394
16,178,NL0 4,209.17180082115038,0.0,209.17180082115038
16,179,NL0 20,237.22430858251013,0.0,232.31276867501225
16,179,NL0 25,256.0841525061728,0.0,101.39886321420818
16,179,NL0 4,204.2690843582996,0.0,204.2690843582996
16,183,NL0 25,259.87077216132377,0.0,62.281684681321906
16,185,NL0 25,279.1364997255301,0.0,145.4913225267222
17,176,NL0 14,145.02057846964792,0.0,145.02057846964792
17,176,NL0 26,165.95317689874994,0.0,165.95317689874994
17,176,NL0 28,125.98389436294894,0.0,125.98389436294894
17,176,NL0 4,208.83066600606915,0.0,131.85415019663031
17,177,NL0 14,147.69145589576627,0.0,146.56020293665958
17,177,NL0 20,246.9884014944237,0.0,246.9884014944237
17,177,NL0 24,549.7321210782025,0.0,144.39261560567581
17,177,NL0 26,169.00957481585152,0.0,169.00957481585152
17,177,NL0 28,128.304168789236,0.0,128.304168789236
17,177,NL0 4,212.6767485248588,0.0,212.6767485248588
17,178,NL0 14,145.2574764749331,0.0,133.93513696297248
17,178,NL0 20,242.91799212120864,0.0,46.918973219049036
17,178,NL0 26,166.22426929813852,0.0,150.37056988125764
17,178,NL0 28,126.1896950402569,0.0,115.54098798325583
17,178,NL0 4,209.17180082115038,0.0,209.17180082115038
17,179,NL0 14,141.85282910626253,0.0,37.46763524872314
17,179,NL0 28,123.23197180563706,0.0,111.59175248730345
17,185,NL0 28,134.32514635309803,0.0,14.016023782875049
18,176,NL0 10,1038.018179688212,0.0,251.36424762686838
18,176,NL0 20,242.5218212033466,0.0,216.99005450106597
18,176,NL0 24,539.7906718339335,0.0,539.7906718339335
18,176,NL0 4,208.83066600606915,0.0,208.83066600606915
18,177,NL0 10,1057.135599803937,0.0,693.7929681491113
18,177,NL0 20,246.9884014944237,0.0,246.9884014944237
18,177,NL0 24,549.7321210782025,0.0,549.7321210782025
18,177,NL0 4,212.6767485248588,0.0,212.6767485248588
18,178,NL0 10,1039.7138317040353,0.0,381.57423123040945
18,178,NL0 20,242.91799212120864,0.0,226.0559281451521
18,178,NL0 24,540.6724455434198,0.0,540.6724455434198
18,178,NL0 4,209.17180082115038,0.0,188.06682946714704
18,179,NL0 20,237.22430858251013,0.0,203.7307936085069
18,179,NL0 24,527.9997827400717,0.0,450.2248362143606
18,179,NL0 4,204.2690843582996,0.0,39.66809062470156
18,180,NL0 20,233.9886935687452,0.0,144.7129809828431
18,180,NL0 24,520.7981429312905,0.0,26.106413480083745
18,181,NL0 20,234.84498680849785,0.0,164.36912827243282
18,182,NL0 20,236.05018961547194,0.0,166.0140447044554
18,183,NL0 20,240.73205484781826,0.0,54.65135455430286
18,183,NL0 4,207.28953416825877,0.0,101.33908842857386
18,184,NL0 4,214.6799119430073,0.0,41.92354272687362
18,185,NL0 20,258.57891829497237,0.0,3.562531974643207
18,185,NL0 4,222.6571095942392,0.0,222.6571095942392
19,176,NL0 10,1038.018179688212,0.0,280.4568383754379
19,176,NL0 20,242.5218212033466,0.0,216.3220863165844
19,176,NL0 24,539.7906718339335,0.0,539.7906718339335
19,176,NL0 4,208.83066600606915,0.0,184.4263227133032
19,177,NL0 10,1057.135599803937,0.0,697.2730157710471
19,177,NL0 20,246.9884014944237,0.0,246.9884014944237
19,177,NL0 24,549.7321210782025,0.0,549.7321210782025
19,177,NL0 4,212.6767485248588,0.0,212.6767485248588
19,178,NL0 10,1039.7138317040353,0.0,410.7001242727227
19,178,NL0 20,242.91799212120864,0.0,226.0559281451521
19,178,NL0 24,540.6724455434198,0.0,540.6724455434198
19,178,NL0 4,209.17180082115038,0.0,162.9658177105452
19,179,NL0 20,237.22430858251013,0.0,203.73079360850755
19,179,NL0 24,527.9997827400717,0.0,478.9476646987427
19,179,NL0 4,204.2690843582996,0.0,14.914444292828534
19,180,NL0 20,233.9886935687452,0.0,144.7129809828431
19,180,NL0 24,520.7981429312905,0.0,54.82924196446616
19,181,NL0 20,234.84498680849785,0.0,169.91913940367172
19,181,NL0 24,522.7040295887447,0.0,22.52821534720556
19,182,NL0 20,236.05018961547194,0.0,191.74801941422857
19,183,NL0 20,240.73205484781826,0.0,80.38532926407689
19,183,NL0 4,207.28953416825877,0.0,79.16126882332742
19,184,NL0 4,214.6799119430073,0.0,45.32965840915722
19,185,NL0 20,258.57891829497237,0.0,6.988623146363011
19,185,NL0 4,222.6571095942392,0.0,222.6571095942392
20,176,NL0 14,145.02057846964792,0.0,145.02057846964792
20,176,NL0 24,539.7906718339335,0.0,188.9110412432147
20,176,NL0 26,165.95317689874994,0.0,104.89701069203369
20,176,NL0 28,125.98389436294894,0.0,125.98389436294894
20,177,NL0 14,147.69145589576627,0.0,146.560202936659
20,177,NL0 21,701.0408892934616,0.0,114.33358881448814
20,177,NL0 24,549.7321210782025,0.0,549.7321210782025
20,177,NL0 26,169.00957481585152,0.0,108.98834223851563
20,177,NL0 28,128.304168789236,0.0,128.304168789236
20,178,NL0 14,145.2574764749331,0.0,133.93513696297185
20,178,NL0 24,540.6724455434198,0.0,318.0513814738125
20,178,NL0 26,166.22426929813852,0.0,86.80319191910748
20,178,NL0 28,126.1896950402569,0.0,115.54098798325572
20,179,NL0 14,141.85282910626253,0.0,8.486513486538126
20,179,NL0 28,123.23197180563706,0.0,111.59175248730367
21,176,NL0 14,145.02057846964792,0.0,145.02057846964792
21,176,NL0 24,539.7906718339335,0.0,297.96570064556687
21,176,NL0 26,165.95317689874994,0.0,30.135333800048215
21,176,NL0 28,125.98389436294894,0.0,125.98389436294894
21,177,NL0 10,1057.135599803937,0.0,97.48560019027357
21,177,NL0 14,147.69145589576627,0.0,146.5602029366594
21,177,NL0 24,549.7321210782025,0.0,549.7321210782025
21,177,NL0 26,169.00957481585152,0.0,128.01465785850363
21,177,NL0 28,128.304168789236,0.0,128.304168789236
21,178,NL0 14,145.2574764749331,0.0,133.9351369629722
21,178,NL0 24,540.6724455434198,0.0,427.10604087616656
21,178,NL0 26,166.22426929813852,0.0,12.04151502712099
21,178,NL0 28,126.1896950402569,0.0,115.54098798325595
21,179,NL0 14,141.85282910626253,0.0,18.6163757401416
21,179,NL0 28,123.23197180563706,0.0,111.59175248730368
22,176,NL0 10,1038.018179688212,0.0,271.724785882848
22,176,NL0 20,242.5218212033466,0.0,216.32208631658395
22,176,NL0 24,539.7906718339335,0.0,539.7906718339335
22,176,NL0 4,208.83066600606915,0.0,191.95170062900718
22,177,NL0 10,1057.135599803937,0.0,696.229684379721
22,177,NL0 20,246.9884014944237,0.0,246.9884014944237
22,177,NL0 24,549.7321210782025,0.0,549.7321210782025
22,177,NL0 4,212.6767485248588,0.0,212.6767485248588
22,178,NL0 10,1039.7138317040353,0.0,401.96807178013273
22,178,NL0 20,242.91799212120864,0.0,226.05592814515165
22,178,NL0 24,540.6724455434198,0.0,540.6724455434198
22,178,NL0 4,209.17180082115038,0.0,170.49119562624952
22,179,NL0 20,237.22430858251013,0.0,203.7307936085076
22,179,NL0 24,527.9997827400717,0.0,470.33645247953564
22,179,NL0 4,204.2690843582996,0.0,22.33568074518064
22,180,NL0 20,233.9886935687452,0.0,144.7129809828431
22,180,NL0 24,520.7981429312905,0.0,46.21802974525973
22,181,NL0 20,234.84498680849785,0.0,169.91913940367172
22,181,NL0 24,522.7040295887447,0.0,13.91700312799901
22,182,NL0 20,236.05018961547194,0.0,184.0328768198964
22,183,NL0 20,240.73205484781826,0.0,72.6701866697445
22,183,NL0 4,207.28953416825877,0.0,85.81026271624796
22,184,NL0 4,214.6799119430073,0.0,44.30849209194494
22,185,NL0 20,258.57891829497237,0.0,5.96146810214168
22,185,NL0 4,222.6571095942392,0.0,222.6571095942392
23,176,NL0 10,1038.018179688212,0.0,206.11670534115035
23,176,NL0 20,242.5218212033466,0.0,242.5218212033466
23,176,NL0 24,539.7906718339335,0.0,539.7906718339335
23,176,NL0 4,208.83066600606915,0.0,208.83066600606915
23,177,NL0 10,1057.135599803937,0.0,674.479284462818
23,177,NL0 20,246.9884014944237,0.0,246.9884014944237
23,177,NL0 24,549.7321210782025,0.0,549.7321210782025
23,177,NL0 4,212.6767485248588,0.0,212.6767485248588
23,178,NL0 10,1039.7138317040353,0.0,323.56985975647
23,178,NL0 20,242.91799212120864,0.0,242.91799212120864
23,178,NL0 24,540.6724455434198,0.0,540.6724455434198
23,178,NL0 4,209.17180082115038,0.0,209.17180082115038
23,179,NL0 20,237.22430858251013,0.0,203.73079360850733
23,179,NL0 24,527.9997827400717,0.0,290.81793027831867
23,179,NL0 4,204.2690843582996,0.0,177.04669783757788
23,180,NL0 20,233.9886935687452,0.0,25.283534696686207
23,180,NL0 4,201.4829612997183,0.0,29.269507040267335
23,181,NL0 20,234.84498680849785,0.0,21.549862121402953
23,182,NL0 20,236.05018961547194,0.0,23.194778553424943
23,182,NL0 4,203.25807411336433,0.0,38.70500741221218
23,183,NL0 4,207.28953416825877,0.0,136.76842985003833
23,184,NL0 4,214.6799119430073,0.0,23.020168970759073
23,185,NL0 25,279.1364997255301,0.0,11.882832229261357
23,185,NL0 4,222.6571095942392,0.0,201.53020868127416
24,176,NL0 14,145.02057846964792,0.0,145.02057846964792
24,176,NL0 26,165.95317689874994,0.0,165.95317689874994
24,176,NL0 28,125.98389436294894,0.0,125.98389436294894
24,176,NL0 4,208.83066600606915,0.0,134.6489943287276
24,177,NL0 14,147.69145589576627,0.0,146.56020293665946
24,177,NL0 20,246.9884014944237,0.0,246.9884014944237
24,177,NL0 24,549.7321210782025,0.0,147.22673746306197
24,177,NL0 26,169.00957481585152,0.0,169.00957481585152
24,177,NL0 28,128.304168789236,0.0,128.304168789236
24,177,NL0 4,212.6767485248588,0.0,212.6767485248588
24,178,NL0 14,145.2574764749331,0.0,133.9351369629725
24,178,NL0 20,242.91799212120864,0.0,49.725385004241204
24,178,NL0 26,166.22426929813852,0.0,150.37056988125747
24,178,NL0 28,126.1896950402569,0.0,115.54098798325532
24,178,NL0 4,209.17180082115038,0.0,209.17180082115038
24,179,NL0 14,141.85282910626253,0.0,40.58596307631904
24,179,NL0 28,123.23197180563706,0.0,111.59175248730367
24,185,NL0 28,134.32514635309803,0.0,16.912108051455448
25,176,NL0 10,1038.018179688212,0.0,142.57524830952394
25,176,NL0 20,242.5218212033466,0.0,242.5218212033466
25,176,NL0 24,539.7906718339335,0.0,539.7906718339335
25,176,NL0 25,261.80282880036805,0.0,17.47911576842307
25,176,NL0 4,208.83066600606915,0.0,208.83066600606915
25,177,NL0 10,1057.135599803937,0.0,609.1335291574909
25,177,NL0 20,246.9884014944237,0.0,246.9884014944237
25,177,NL0 24,549.7321210782025,0.0,549.7321210782025
25,177,NL0 25,266.62451185332304,0.0,21.11894902390668
25,177,NL0 4,212.6767485248588,0.0,212.6767485248588
25,178,NL0 10,1039.7138317040353,0.0,268.6929585418605
25,178,NL0 20,242.91799212120864,0.0,242.91799212120864
25,178,NL0 24,540.6724455434198,0.0,540.6724455434198
25,178,NL0 4,209.17180082115038,0.0,209.17180082115038
25,179,NL0 20,237.22430858251013,0.0,237.22430858251013
25,179,NL0 24,527.9997827400717,0.0,174.30213022120404
25,179,NL0 4,204.2690843582996,0.0,204.2690843582996
25,180,NL0 4,201.4829612997183,0.0,0.6945607458728347
25,182,NL0 4,203.25807411336433,0.0,8.053483262927443
25,183,NL0 25,259.87077216132377,0.0,10.639392579034563
25,183,NL0 4,207.28953416825877,0.0,77.89536339331838
25,185,NL0 25,279.1364997255301,0.0,64.37678354171088
25,185,NL0 4,222.6571095942392,0.0,122.35023337469215
26,176,NL0 14,145.02057846964792,0.0,81.8194859762186
26,176,NL0 24,539.7906718339335,0.0,447.4755741665265
26,176,NL0 28,125.98389436294894,0.0,125.98389436294894
26,177,NL0 10,1057.135599803937,0.0,248.73921378289643
26,177,NL0 14,147.69145589576627,0.0,146.56020293665878
26,177,NL0 24,549.7321210782025,0.0,549.7321210782025
26,177,NL0 26,169.00957481585152,0.0,24.3237761471903
26,177,NL0 28,128.304168789236,0.0,128.304168789236
26,178,NL0 10,1039.7138317040353,0.0,36.54587693933567
26,178,NL0 14,145.2574764749331,0.0,54.569762384650424
26,178,NL0 24,540.6724455434198,0.0,540.6724455434198
26,178,NL0 28,126.1896950402569,0.0,115.54098798325572
26,179,NL0 24,527.9997827400717,0.0,115.89992078598536
26,179,NL0 28,123.23197180563706,0.0,97.05093809985728
26,185,NL0 28,134.32514635309803,0.0,9.374775516662483
27,176,NL0 14,145.02057846964792,0.0,145.02057846964792
27,176,NL0 26,165.95317689874994,0.0,165.95317689874994
27,176,NL0 28,125.98389436294894,0.0,125.98389436294894
27,176,NL0 4,208.83066600606915,0.0,131.1385224449425
27,177,NL0 14,147.69145589576627,0.0,145.21500323503054
27,177,NL0 20,246.9884014944237,0.0,246.9884014944237
27,177,NL0 24,549.7321210782025,0.0,145.72452699770096
27,177,NL0 26,169.00957481585152,0.0,169.00957481585152
27,177,NL0 28,128.304168789236,0.0,128.304168789236
27,177,NL0 4,212.6767485248588,0.0,212.6767485248588
27,178,NL0 14,145.2574764749331,0.0,133.9351369629724
27,178,NL0 20,242.91799212120864,0.0,46.20038353703969
27,178,NL0 26,166.22426929813852,0.0,150.3705698812577
27,178,NL0 28,126.1896950402569,0.0,115.54098798325528
27,178,NL0 4,209.17180082115038,0.0,209.17180082115038
27,179,NL0 14,141.85282910626253,0.0,36.66917858108253
27,179,NL0 28,123.23197180563706,0.0,111.59175248730361
27,185,NL0 28,134.32514635309803,0.0,13.27447320764994
28,176,NL0 0,876.5795473808435,0.0,53.158381648979
28,176,NL0 10,1038.018179688212,0.0,147.84302433205391
28,176,NL0 20,242.5218212033466,0.0,242.5218212033466
28,176,NL0 24,539.7906718339335,0.0,539.7906718339335
28,176,NL0 4,208.83066600606915,0.0,208.83066600606915
28,177,NL0 0,892.7237149879707,0.0,197.07075018263095
28,177,NL0 10,1057.135599803937,0.0,472.6076540950912
28,177,NL0 20,246.9884014944237,0.0,246.9884014944237
28,177,NL0 24,549.7321210782025,0.0,549.7321210782025
28,177,NL0 4,212.6767485248588,0.0,212.6767485248588
28,178,NL0 0,878.0114817203674,0.0,31.660247756435297
28,178,NL0 10,1039.7138317040353,0.0,286.74734360180105
28,178,NL0 20,242.91799212120864,0.0,242.91799212120864
28,178,NL0 24,540.6724455434198,0.0,540.6724455434198
28,178,NL0 4,209.17180082115038,0.0,209.17180082115038
28,179,NL0 20,237.22430858251013,0.0,174.3705678177749
28,179,NL0 24,527.9997827400717,0.0,287.6012290263742
28,179,NL0 4,204.2690843582996,0.0,204.2690843582996
28,180,NL0 4,201.4829612997183,0.0,49.28532839887403
28,181,NL0 4,202.22029819858693,0.0,9.923502229759038
28,182,NL0 4,203.25807411336433,0.0,56.644250915928296
28,183,NL0 4,207.28953416825877,0.0,131.6481296877678
28,184,NL0 4,214.6799119430073,0.0,17.899868808488577
28,185,NL0 17,678.6503509985673,0.0,21.24063134479854
28,185,NL0 25,279.1364997255301,0.0,16.38401524609158
28,185,NL0 4,222.6571095942392,0.0,173.5001558657682
29,176,NL0 14,145.02057846964792,0.0,145.02057846964792
29,176,NL0 26,165.95317689874994,0.0,165.95317689874994
29,176,NL0 28,125.98389436294894,0.0,125.98389436294894
29,176,NL0 4,208.83066600606915,0.0,135.03404690807895
29,177,NL0 14,147.69145589576627,0.0,146.5602029366594
29,177,NL0 20,246.9884014944237,0.0,246.9884014944237
29,177,NL0 24,549.7321210782025,0.0,147.6172014316432
29,177,NL0 26,169.00957481585152,0.0,169.00957481585152
29,177,NL0 28,128.304168789236,0.0,128.304168789236
29,177,NL0 4,212.6767485248588,0.0,212.6767485248588
29,178,NL0 14,145.2574764749331,0.0,133.9351369629725
29,178,NL0 20,242.91799212120864,0.0,50.11203128773215
29,178,NL0 26,166.22426929813852,0.0,150.37056988125758
29,178,NL0 28,126.1896950402569,0.0,115.54098798325529
29,178,NL0 4,209.17180082115038,0.0,209.17180082115038
29,179,NL0 14,141.85282910626253,0.0,41.01558280340554
29,179,NL0 28,123.23197180563706,0.0,111.59175248730378
29,185,NL0 28,134.32514635309803,0.0,17.311108734473926
30,176,NL0 10,1038.018179688212,0.0,213.9566522261107
30,176,NL0 20,242.5218212033466,0.0,242.5218212033466
30,176,NL0 24,539.7906718339335,0.0,539.7906718339335
30,176,NL0 4,208.83066600606915,0.0,208.83066600606915
30,177,NL0 10,1057.135599803937,0.0,682.3192313477775
30,177,NL0 20,246.9884014944237,0.0,246.9884014944237
30,177,NL0 24,549.7321210782025,0.0,549.7321210782025
30,177,NL0 4,212.6767485248588,0.0,212.6767485248588
30,178,NL0 10,1039.7138317040353,0.0,331.40980664143
30,178,NL0 20,242.91799212120864,0.0,242.91799212120864
30,178,NL0 24,540.6724455434198,0.0,540.6724455434198
30,178,NL0 4,209.17180082115038,0.0,209.17180082115038
30,179,NL0 20,237.22430858251013,0.0,203.73079360850733
30,179,NL0 24,527.9997827400717,0.0,355.52550734821443
30,179,NL0 4,204.2690843582996,0.0,121.28100336039586
30,180,NL0 20,233.9886935687452,0.0,83.25773987473282
30,181,NL0 20,234.84498680849785,0.0,79.52406729945027
30,182,NL0 20,236.05018961547194,0.0,81.16898373147228
30,183,NL0 4,207.28953416825877,0.0,144.44182083032456
30,184,NL0 4,214.6799119430073,0.0,30.693559951044563
30,185,NL0 25,279.1364997255301,0.0,4.38332367534687
30,185,NL0 4,222.6571095942392,0.0,212.84219582005937
31,176,NL0 10,1038.018179688212,0.0,220.3171879206078
31,176,NL0 20,242.5218212033466,0.0,242.5218212033466
31,176,NL0 24,539.7906718339335,0.0,539.7906718339335
31,176,NL0 4,208.83066600606915,0.0,208.83066600606915
31,177,NL0 10,1057.135599803937,0.0,688.6797670422754
31,177,NL0 20,246.9884014944237,0.0,246.9884014944237
31,177,NL0 24,549.7321210782025,0.0,549.7321210782025
31,177,NL0 4,212.6767485248588,0.0,212.6767485248588
31,178,NL0 10,1039.7138317040353,0.0,339.5339453856958
31,178,NL0 20,242.91799212120864,0.0,241.18173288120846
31,178,NL0 24,540.6724455434198,0.0,540.6724455434198
31,178,NL0 4,209.17180082115038,0.0,209.17180082115038
31,179,NL0 20,237.22430858251013,0.0,203.73079360850744
31,179,NL0 24,527.9997827400717,0.0,408.02265556832606
31,179,NL0 4,204.2690843582996,0.0,76.0383894173051
31,180,NL0 20,233.9886935687452,0.0,130.29211482726203
31,181,NL0 20,234.84498680849785,0.0,126.55844225197836
31,182,NL0 20,236.05018961547194,0.0,128.20335868400002
31,183,NL0 20,240.73205484781826,0.0,16.840668533848117
31,183,NL0 4,207.28953416825877,0.0,133.9247493367505
31,184,NL0 4,214.6799119430073,0.0,36.91896912078943
31,185,NL0 4,222.6571095942392,0.0,221.19429696860755
32,176,NL0 14,145.02057846964792,0.0,145.02057846964792
32,176,NL0 26,165.95317689874994,0.0,165.95317689874994
32,176,NL0 28,125.98389436294894,0.0,125.98389436294894
32,176,NL0 4,208.83066600606915,0.0,135.2635749473352
32,177,NL0 14,147.69145589576627,0.0,146.56020293665958
32,177,NL0 20,246.9884014944237,0.0,246.9884014944237
32,177,NL0 24,549.7321210782025,0.0,147.84995517467598
32,177,NL0 26,169.00957481585152,0.0,169.00957481585152
32,177,NL0 28,128.304168789236,0.0,128.304168789236
32,177,NL0 4,212.6767485248588,0.0,212.6767485248588
32,178,NL0 14,145.2574764749331,0.0,133.93513696297242
32,178,NL0 20,242.91799212120864,0.0,50.3425093265618
32,178,NL0 26,166.22426929813852,0.0,150.37056988125755
32,178,NL0 28,126.1896950402569,0.0,115.54098798325538
32,178,NL0 4,209.17180082115038,0.0,209.17180082115038
32,179,NL0 14,141.85282910626253,0.0,41.271677110707245
32,179,NL0 28,123.23197180563706,0.0,111.59175248730367
32,185,NL0 28,134.32514635309803,0.0,17.54895117300302
33,176,NL0 21,688.3631465314071,0.0,688.3631465314071
33,176,NL0 26,165.95317689874994,0.0,18.047979438927193
33,176,NL0 3,994.0991592558735,0.0,980.6970297236305
33,176,NL0 33,0.051155352941510704,0.0,0.051155352941510704
33,177,NL0 21,701.0408892934616,0.0,146.1025011330557
33,177,NL0 22,769.983017026705,0.0,769.983017026705
33,177,NL0 24,549.7321210782025,0.0,549.7321210782025
33,177,NL0 26,169.00957481585152,0.0,13.35562280679119
33,177,NL0 7,1153.7384839915107,0.0,694.0721803826925
33,178,NL0 21,689.4876204374277,0.0,656.8266954126623
33,178,NL0 24,540.6724455434198,0.0,540.6724455434198
33,178,NL0 27,401.1329112182976,0.0,401.1329112182976
33,178,NL0 30,197.19549341870567,0.0,197.19549341870567
33,179,NL0 10,1015.3442842825474,0.0,1015.3442842825474
33,179,NL0 27,391.7308746153677,0.0,134.43994964937622
33,180,NL0 0,845.7371055644011,0.0,506.5941520101878
33,181,NL0 21,666.5735613583362,0.0,355.3203575539152
33,181,NL0 26,160.7000617356301,0.0,141.5599488089268
33,182,NL0 0,853.1882506308566,0.0,551.0027937895545
33,183,NL0 0,870.1105518320634,0.0,619.8570876020038
33,184,NL0 0,901.1321164741751,0.0,518.3756977592208
33,185,NL0 0,934.6168935915413,0.0,80.2239260260377
33,185,NL0 16,474.207296450776,0.0,474.207296450776
33,185,NL0 26,176.94075014434543,0.0,176.94075014434543
34,176,NL0 10,1038.018179688212,0.0,241.12315410243806
34,176,NL0 20,242.5218212033466,0.0,216.32208631658523
34,176,NL0 24,539.7906718339335,0.0,539.7906718339335
34,177,NL0 10,1057.135599803937,0.0,587.3595201440046
34,177,NL0 20,246.9884014944237,0.0,246.9884014944237
34,177,NL0 24,549.7321210782025,0.0,549.7321210782025
34,178,NL0 10,1039.7138317040353,0.0,371.20139599581205
34,178,NL0 20,242.91799212120864,0.0,226.05592814515262
34,178,NL0 24,540.6724455434198,0.0,540.6724455434198
34,179,NL0 20,237.22430858251013,0.0,203.7307936085072
34,179,NL0 24,527.9997827400717,0.0,439.7525424356242
34,180,NL0 20,233.9886935687452,0.0,144.71298098284296
34,180,NL0 24,520.7981429312905,0.0,16.11135562275649
34,181,NL0 20,234.84498680849785,0.0,155.77024561775377
34,182,NL0 20,236.05018961547194,0.0,157.04458504460948
34,183,NL0 20,240.73205484781826,0.0,45.39302378829234
35,176,NL0 10,1038.018179688212,0.0,240.3198906727952
35,176,NL0 20,242.5218212033466,0.0,216.3220863165842
35,176,NL0 24,539.7906718339335,0.0,539.7906718339335
35,177,NL0 10,1057.135599803937,0.0,586.5562567143628
35,177,NL0 20,246.9884014944237,0.0,246.9884014944237
35,177,NL0 24,549.7321210782025,0.0,549.7321210782025
35,178,NL0 10,1039.7138317040353,0.0,370.24490685980635
35,178,NL0 20,242.91799212120864,0.0,226.05592814515137
35,178,NL0 24,540.6724455434198,0.0,540.6724455434198
35,179,NL0 20,237.22430858251013,0.0,203.7307936085079
35,179,NL0 24,527.9997827400717,0.0,438.7684949788113
35,180,NL0 20,233.9886935687452,0.0,144.712980982843
35,180,NL0 24,520.7981429312905,0.0,15.401156127841318
35,181,NL0 20,234.84498680849785,0.0,155.13456929849065
35,182,NL0 20,236.05018961547194,0.0,156.4089087253459
35,183,NL0 20,240.73205484781826,0.0,44.51132218102748
36,175,NL0 4,190.08575463905547,0.0,53.48825935980807
36,176,NL0 10,1038.018179688212,0.0,875.9916408226978
36,176,NL0 20,242.5218212033466,0.0,242.5218212033466
36,176,NL0 24,539.7906718339335,0.0,539.7906718339335
36,176,NL0 4,208.83066600606915,0.0,208.83066600606915
36,177,NL0 10,1057.135599803937,0.0,1057.135599803937
36,177,NL0 20,246.9884014944237,0.0,246.9884014944237
36,177,NL0 24,549.7321210782025,0.0,549.7321210782025
36,177,NL0 27,407.85441894800624,0.0,284.11852486500356
36,177,NL0 4,212.6767485248588,0.0,212.6767485248588
36,178,NL0 10,1039.7138317040353,0.0,999.3173674953024
36,178,NL0 20,242.91799212120864,0.0,242.91799212120864
36,178,NL0 24,540.6724455434198,0.0,540.6724455434198
36,178,NL0 4,209.17180082115038,0.0,209.17180082115038
36,179,NL0 10,1015.3442842825474,0.0,384.5860883527166
36,179,NL0 20,237.22430858251013,0.0,237.22430858251013
36,179,NL0 24,527.9997827400717,0.0,527.9997827400717
36,179,NL0 4,204.2690843582996,0.0,204.2690843582996
36,180,NL0 20,233.9886935687452,0.0,233.9886935687452
36,180,NL0 24,520.7981429312905,0.0,293.4079686291343
36,180,NL0 4,201.4829612997183,0.0,201.4829612997183
36,181,NL0 20,234.84498680849785,0.0,234.84498680849785
36,181,NL0 24,522.7040295887447,0.0,266.6387149972499
36,181,NL0 4,202.22029819858693,0.0,202.22029819858693
36,182,NL0 20,236.05018961547194,0.0,236.05018961547194
36,182,NL0 24,525.3864984471952,0.0,308.77334244569636
36,182,NL0 4,203.25807411336433,0.0,203.25807411336433
36,183,NL0 20,240.73205484781826,0.0,240.73205484781826
36,183,NL0 24,535.8071161329133,0.0,355.24441317167907
36,183,NL0 4,207.28953416825877,0.0,207.28953416825877
36,184,NL0 20,249.31474009990026,0.0,249.31474009990026
36,184,NL0 24,554.909947438456,0.0,225.97784768458723
36,184,NL0 4,214.6799119430073,0.0,214.6799119430073
36,185,NL0 20,258.57891829497237,0.0,258.57891829497237
36,185,NL0 24,575.5296052782936,0.0,408.46786034650813
36,185,NL0 4,222.6571095942392,0.0,222.6571095942392
36,186,NL0 4,215.61313772465093,0.0,29.698544629900425
37,176,NL0 10,1038.018179688212,0.0,240.3198906727952
37,176,NL0 20,242.5218212033466,0.0,216.3220863165842
37,176,NL0 24,539.7906718339335,0.0,539.7906718339335
37,177,NL0 10,1057.135599803937,0.0,586.5562567143628
37,177,NL0 20,246.9884014944237,0.0,246.9884014944237
37,177,NL0 24,549.7321210782025,0.0,549.7321210782025
37,178,NL0 10,1039.7138317040353,0.0,370.24490685980635
37,178,NL0 20,242.91799212120864,0.0,226.05592814515137
37,178,NL0 24,540.6724455434198,0.0,540.6724455434198
37,179,NL0 20,237.22430858251013,0.0,203.7307936085079
37,179,NL0 24,527.9997827400717,0.0,438.7684949788113
37,180,NL0 20,233.9886935687452,0.0,144.712980982843
37,180,NL0 24,520.7981429312905,0.0,15.401156127841318
37,181,NL0 20,234.84498680849785,0.0,155.13456929849065
37,182,NL0 20,236.05018961547194,0.0,156.4089087253459
37,183,NL0 20,240.73205484781826,0.0,44.51132218102748
38,175,NL0 4,190.08575463905547,0.0,53.48825935980807
38,176,NL0 10,1038.018179688212,0.0,875.9916408226978
38,176,NL0 20,242.5218212033466,0.0,242.5218212033466
38,176,NL0 24,539.7906718339335,0.0,539.7906718339335
38,176,NL0 4,208.83066600606915,0.0,208.83066600606915
38,177,NL0 10,1057.135599803937,0.0,1057.135599803937
38,177,NL0 20,246.9884014944237,0.0,246.9884014944237
38,177,NL0 24,549.7321210782025,0.0,549.7321210782025
38,177,NL0 27,407.85441894800624,0.0,284.11852486500356
38,177,NL0 4,212.6767485248588,0.0,212.6767485248588
38,178,NL0 10,1039.7138317040353,0.0,999.3173674953024
38,178,NL0 20,242.91799212120864,0.0,242.91799212120864
38,178,NL0 24,540.6724455434198,0.0,540.6724455434198
38,178,NL0 4,209.17180082115038,0.0,209.17180082115038
38,179,NL0 10,1015.3442842825474,0.0,384.5860883527166
38,179,NL0 20,237.22430858251013,0.0,237.22430858251013
38,179,NL0 24,527.9997827400717,0.0,527.9997827400717
38,179,NL0 4,204.2690843582996,0.0,204.2690843582996
38,180,NL0 20,233.9886935687452,0.0,233.9886935687452
38,180,NL0 24,520.7981429312905,0.0,293.4079686291343
38,180,NL0 4,201.4829612997183,0.0,201.4829612997183
38,181,NL0 20,234.84498680849785,0.0,234.84498680849785
38,181,NL0 24,522.7040295887447,0.0,266.6387149972499
38,181,NL0 4,202.22029819858693,0.0,202.22029819858693
38,182,NL0 20,236.05018961547194,0.0,236.05018961547194
38,182,NL0 24,525.3864984471952,0.0,308.77334244569636
38,182,NL0 4,203.25807411336433,0.0,203.25807411336433
38,183,NL0 20,240.73205484781826,0.0,240.73205484781826
38,183,NL0 24,535.8071161329133,0.0,355.24441317167907
38,183,NL0 4,207.28953416825877,0.0,207.28953416825877
38,184,NL0 20,249.31474009990026,0.0,249.31474009990026
38,184,NL0 24,554.909947438456,0.0,225.97784768458723
38,184,NL0 4,214.6799119430073,0.0,214.6799119430073
38,185,NL0 20,258.57891829497237,0.0,258.57891829497237
38,185,NL0 24,575.5296052782936,0.0,408.46786034650813
38,185,NL0 4,222.6571095942392,0.0,222.6571095942392
38,186,NL0 4,215.61313772465093,0.0,29.698544629900425
39,113,NL0 24,465.67575421366564,0.0,17.779756202586867
39,114,NL0 24,474.07758766600034,0.0,309.4968577504734
39,115,NL0 24,479.5649915610384,0.0,189.66550996003548
39,151,NL0 24,454.0088762736251,0.0,351.7588377153736
39,175,NL0 24,491.3383611949693,0.0,409.2215605406017
39,176,NL0 10,1038.018179688212,0.0,1038.018179688212
39,176,NL0 24,539.7906718339335,0.0,539.7906718339335
39,176,NL0 27,400.4787102172341,0.0,184.3905161441835
39,177,NL0 0,892.7237149879707,0.0,112.95291746666604
39,177,NL0 10,1057.135599803937,0.0,1057.135599803937
39,177,NL0 24,549.7321210782025,0.0,549.7321210782025
39,177,NL0 27,407.85441894800624,0.0,407.85441894800624
39,178,NL0 10,1039.7138317040353,0.0,1039.7138317040353
39,178,NL0 24,540.6724455434198,0.0,540.6724455434198
39,178,NL0 27,401.1329112182976,0.0,313.693982376012
39,179,NL0 10,1015.3442842825474,0.0,881.5959657857577
39,179,NL0 24,527.9997827400717,0.0,527.9997827400717
39,180,NL0 10,1001.4955213543487,0.0,455.10524387918895
39,180,NL0 24,520.7981429312905,0.0,520.7981429312905
39,181,NL0 10,1005.160543930862,0.0,420.41830843727223
39,181,NL0 24,522.7040295887447,0.0,522.7040295887447
39,182,NL0 10,1010.318935112501,0.0,393.7350435995734
39,182,NL0 24,525.3864984471952,0.0,525.3864984471952
39,183,NL0 10,1030.357796778276,0.0,252.74077615108132
39,183,NL0 24,535.8071161329133,0.0,535.8071161329133
39,184,NL0 10,1067.0925667795827,0.0,42.068619428643785
39,184,NL0 24,554.909947438456,0.0,554.909947438456
39,185,NL0 10,1106.7441962232401,0.0,184.55245496937403
39,185,NL0 24,575.5296052782936,0.0,575.5296052782936
39,186,NL0 24,557.3221725262769,0.0,143.20722926460724
40,176,NL0 14,145.02057846964792,0.0,145.02057846964792
40,176,NL0 26,165.95317689874994,0.0,165.95317689874994
40,176,NL0 28,125.98389436294894,0.0,120.8504847535842
40,176,NL0 4,208.83066600606915,0.0,126.14815346127719
40,177,NL0 14,147.69145589576627,0.0,121.07657099482952
40,177,NL0 17,648.2305923159428,0.0,169.8629592379026
40,177,NL0 20,246.9884014944237,0.0,246.9884014944237
40,177,NL0 26,169.00957481585152,0.0,169.00957481585152
40,177,NL0 28,128.304168789236,0.0,128.304168789236
40,177,NL0 4,212.6767485248588,0.0,212.6767485248588
40,178,NL0 14,145.2574764749331,0.0,133.93513696297205
40,178,NL0 20,242.91799212120864,0.0,45.73790781679164
40,178,NL0 26,166.22426929813852,0.0,140.7264466589022
40,178,NL0 28,126.1896950402569,0.0,115.54098798325543
40,178,NL0 4,209.17180082115038,0.0,209.17180082115038
40,179,NL0 14,141.85282910626253,0.0,21.983452871410034
40,179,NL0 28,123.23197180563706,0.0,111.59175248730358
41,176,NL0 14,145.02057846964792,0.0,145.02057846964792
41,176,NL0 24,539.7906718339335,0.0,188.9110412432147
41,176,NL0 26,165.95317689874994,0.0,104.89701069203369
41,176,NL0 28,125.98389436294894,0.0,125.98389436294894
41,177,NL0 14,147.69145589576627,0.0,146.560202936659
41,177,NL0 21,701.0408892934616,0.0,114.33358881448814
41,177,NL0 24,549.7321210782025,0.0,549.7321210782025
41,177,NL0 26,169.00957481585152,0.0,108.98834223851563
41,177,NL0 28,128.304168789236,0.0,128.304168789236
41,178,NL0 14,145.2574764749331,0.0,133.93513696297185
41,178,NL0 24,540.6724455434198,0.0,318.0513814738125
41,178,NL0 26,166.22426929813852,0.0,86.80319191910748
41,178,NL0 28,126.1896950402569,0.0,115.54098798325572
41,179,NL0 14,141.85282910626253,0.0,8.486513486538126
41,179,NL0 28,123.23197180563706,0.0,111.59175248730367
42,176,NL0 10,1038.018179688212,0.0,280.4568383754382
42,176,NL0 20,242.5218212033466,0.0,216.3220863165846
42,176,NL0 24,539.7906718339335,0.0,539.7906718339335
42,176,NL0 4,208.83066600606915,0.0,184.42632271330228
42,177,NL0 10,1057.135599803937,0.0,697.2730157710477
42,177,NL0 20,246.9884014944237,0.0,246.9884014944237
42,177,NL0 24,549.7321210782025,0.0,549.7321210782025
42,177,NL0 4,212.6767485248588,0.0,212.6767485248588
42,178,NL0 10,1039.7138317040353,0.0,410.70012427272223
42,178,NL0 20,242.91799212120864,0.0,226.05592814515308
42,178,NL0 24,540.6724455434198,0.0,540.6724455434198
42,178,NL0 4,209.17180082115038,0.0,162.96581771054502
42,179,NL0 20,237.22430858251013,0.0,203.7307936085081
42,179,NL0 24,527.9997827400717,0.0,478.94766469874264
42,179,NL0 4,204.2690843582996,0.0,14.914444292829216
42,180,NL0 20,233.9886935687452,0.0,144.712980982843
42,180,NL0 24,520.7981429312905,0.0,54.82924196446652
42,181,NL0 20,234.84498680849785,0.0,169.91913940367274
42,181,NL0 24,522.7040295887447,0.0,22.52821534720522
42,182,NL0 20,236.05018961547194,0.0,191.7480194142297
42,183,NL0 20,240.73205484781826,0.0,80.38532926407649
42,183,NL0 4,207.28953416825877,0.0,79.16126882332708
42,184,NL0 4,214.6799119430073,0.0,45.32965840915733
42,185,NL0 20,258.57891829497237,0.0,6.988623146362897
42,185,NL0 4,222.6571095942392,0.0,222.6571095942392
43,176,NL0 10,1038.018179688212,0.0,181.85381653592594
43,176,NL0 20,242.5218212033466,0.0,242.5218212033466
43,176,NL0 24,539.7906718339335,0.0,539.7906718339335
43,176,NL0 4,208.83066600606915,0.0,208.83066600606915
43,177,NL0 10,1057.135599803937,0.0,650.2163956575944
43,177,NL0 20,246.9884014944237,0.0,246.9884014944237
43,177,NL0 24,549.7321210782025,0.0,549.7321210782025
43,177,NL0 4,212.6767485248588,0.0,212.6767485248588
43,178,NL0 10,1039.7138317040353,0.0,299.3069709512457
43,178,NL0 20,242.91799212120864,0.0,242.91799212120864
43,178,NL0 24,540.6724455434198,0.0,540.6724455434198
43,178,NL0 4,209.17180082115038,0.0,209.17180082115038
43,179,NL0 20,237.22430858251013,0.0,237.22430858251013
43,179,NL0 24,527.9997827400717,0.0,204.86489827584785
43,179,NL0 4,204.2690843582996,0.0,204.2690843582996
43,180,NL0 4,201.4829612997183,0.0,30.658193170881418
43,182,NL0 4,203.25807411336433,0.0,38.017115687935586
43,183,NL0 4,207.28953416825877,0.0,113.0209944597757
43,185,NL0 25,279.1364997255301,0.0,35.09214025231962
43,185,NL0 4,222.6571095942392,0.0,166.52212888917904
44,175,NL0 24,491.3383611949693,0.0,14.571271890553476
44,176,NL0 0,876.5795473808435,0.0,15.478251730425654
44,176,NL0 10,1038.018179688212,0.0,807.4230424578153
44,176,NL0 24,539.7906718339335,0.0,539.7906718339335
44,177,NL0 0,892.7237149879707,0.0,162.11215135129135
44,177,NL0 10,1057.135599803937,0.0,1012.2214448536891
44,177,NL0 24,549.7321210782025,0.0,549.7321210782025
44,178,NL0 10,1039.7138317040353,0.0,946.7875282699717
44,178,NL0 24,540.6724455434198,0.0,540.6724455434198
44,179,NL0 10,1015.3442842825474,0.0,481.018182578607
44,179,NL0 24,527.9997827400717,0.0,527.9997827400717
44,180,NL0 10,1001.4955213543487,0.0,49.60784542788292
44,180,NL0 24,520.7981429312905,0.0,520.7981429312905
44,181,NL0 10,1005.160543930862,0.0,21.856332023492353
44,181,NL0 24,522.7040295887447,0.0,522.7040295887447
44,182,NL0 24,525.3864984471952,0.0,522.9798054293669
44,183,NL0 24,535.8071161329133,0.0,395.5905166289851
44,184,NL0 24,554.909947438456,0.0,207.53297488215617
44,185,NL0 24,575.5296052782936,0.0,368.95620505275843
45,176,NL0 10,1038.018179688212,0.0,6.12623815463018
45,176,NL0 20,242.5218212033466,0.0,1.0052960411813956
45,176,NL0 24,539.7906718339335,0.0,539.7906718339335
45,176,NL0 4,208.83066600606915,0.0,208.83066600606915
45,177,NL0 10,1057.135599803937,0.0,356.4171796445587
45,177,NL0 20,246.9884014944237,0.0,121.71287049872456
45,177,NL0 24,549.7321210782025,0.0,549.7321210782025
45,177,NL0 4,212.6767485248588,0.0,212.6767485248588
45,178,NL0 10,1039.7138317040353,0.0,135.83411243770962
45,178,NL0 24,540.6724455434198,0.0,540.6724455434198
45,178,NL0 4,209.17180082115038,0.0,198.57072243192545
45,179,NL0 24,527.9997827400717,0.0,209.0126372611489
45,179,NL0 4,204.2690843582996,0.0,24.693336616737156
46,176,NL0 20,242.5218212033466,0.0,18.304539793320803
46,176,NL0 24,539.7906718339335,0.0,259.5411478756839
46,176,NL0 4,208.83066600606915,0.0,208.83066600606915
46,177,NL0 10,1057.135599803937,0.0,66.2707180954967
46,177,NL0 20,246.9884014944237,0.0,142.26174408164087
46,177,NL0 24,549.7321210782025,0.0,549.7321210782025
46,177,NL0 4,212.6767485248588,0.0,212.6767485248588
46,178,NL0 20,242.91799212120864,0.0,8.613152606003363
46,178,NL0 24,540.6724455434198,0.0,387.9087454521012
46,178,NL0 4,209.17180082115038,0.0,209.17180082115038
47,176,NL0 10,1038.018179688212,0.0,162.64860760785456
47,176,NL0 24,539.7906718339335,0.0,539.7906718339335
47,176,NL0 28,125.98389436294894,0.0,119.82217004062724
47,177,NL0 10,1057.135599803937,0.0,503.3189016976238
47,177,NL0 14,147.69145589576627,0.0,41.27665935536672
47,177,NL0 24,549.7321210782025,0.0,549.7321210782025
47,177,NL0 28,128.304168789236,0.0,128.304168789236
47,178,NL0 10,1039.7138317040353,0.0,293.0210297216266
47,178,NL0 24,540.6724455434198,0.0,540.6724455434198
47,178,NL0 28,126.1896950402569,0.0,86.22312914951925
47,179,NL0 24,527.9997827400717,0.0,369.10387531892627
47,179,NL0 28,123.23197180563706,0.0,23.027186878343855
47,185,NL0 28,134.32514635309803,0.0,30.87671654439151
48,176,NL0 10,1038.018179688212,0.0,42.734570792702236
48,176,NL0 20,242.5218212033466,0.0,242.5218212033466
48,176,NL0 24,539.7906718339335,0.0,539.7906718339335
48,176,NL0 25,261.80282880036805,0.0,83.67049362976945
48,176,NL0 4,208.83066600606915,0.0,208.83066600606915
48,177,NL0 10,1057.135599803937,0.0,511.32314259783345
48,177,NL0 20,246.9884014944237,0.0,246.9884014944237
48,177,NL0 24,549.7321210782025,0.0,549.7321210782025
48,177,NL0 25,266.62451185332304,0.0,85.96430481031825
48,177,NL0 4,212.6767485248588,0.0,212.6767485248588
48,178,NL0 10,1039.7138317040353,0.0,168.9430976428427
48,178,NL0 20,242.91799212120864,0.0,242.91799212120864
48,178,NL0 24,540.6724455434198,0.0,540.6724455434198
48,178,NL0 25,262.23049616023735,0.0,66.00817237340027
48,178,NL0 4,209.17180082115038,0.0,209.17180082115038
48,179,NL0 20,237.22430858251013,0.0,237.22430858251013
48,179,NL0 24,527.9997827400717,0.0,87.53636559271163
48,179,NL0 25,256.0841525061728,0.0,40.108671704605854
48,179,NL0 4,204.2690843582996,0.0,204.2690843582996
48,183,NL0 25,259.87077216132377,0.0,62.28168468132219
48,185,NL0 25,279.1364997255301,0.0,128.49515849957223
48,185,NL0 4,222.6571095942392,0.0,25.63639837219094
49,176,NL0 10,1038.018179688212,0.0,260.14390982720073
49,176,NL0 20,242.5218212033466,0.0,216.32208631658438
49,176,NL0 24,539.7906718339335,0.0,539.7906718339335
49,176,NL0 4,208.83066600606915,0.0,201.93222571032288
49,177,NL0 10,1057.135599803937,0.0,694.8459671450647
49,177,NL0 20,246.9884014944237,0.0,246.9884014944237
49,177,NL0 24,549.7321210782025,0.0,549.7321210782025
49,177,NL0 4,212.6767485248588,0.0,212.6767485248588
49,178,NL0 10,1039.7138317040353,0.0,390.3871957244854
49,178,NL0 20,242.91799212120864,0.0,226.0559281451516
49,178,NL0 24,540.6724455434198,0.0,540.6724455434198
49,178,NL0 4,209.17180082115038,0.0,180.4717207075666
49,179,NL0 20,237.22430858251013,0.0,203.73079360850636
49,179,NL0 24,527.9997827400717,0.0,458.91584071796683
49,179,NL0 4,204.2690843582996,0.0,32.178088312849695
49,180,NL0 20,233.9886935687452,0.0,144.7129809828431
49,180,NL0 24,520.7981429312905,0.0,34.79741798369021
49,181,NL0 20,234.84498680849785,0.0,169.91913940367047
49,181,NL0 24,522.7040295887447,0.0,2.496391366430089
49,182,NL0 20,236.05018961547194,0.0,173.8006765196319
49,183,NL0 20,240.73205484781826,0.0,62.43798636947849
49,183,NL0 4,207.28953416825877,0.0,94.6284843467314
49,184,NL0 4,214.6799119430073,0.0,42.95417126509824
49,185,NL0 20,258.57891829497237,0.0,4.599204731971895
49,185,NL0 4,222.6571095942392,0.0,222.6571095942392
50,176,NL0 14,145.02057846964792,0.0,145.02057846964792
50,176,NL0 26,165.95317689874994,0.0,165.95317689874994
50,176,NL0 28,125.98389436294894,0.0,125.98389436294894
50,176,NL0 4,208.83066600606915,0.0,136.77586978854163
50,177,NL0 14,147.69145589576627,0.0,146.56020293665978
50,177,NL0 20,246.9884014944237,0.0,246.9884014944237
50,177,NL0 24,549.7321210782025,0.0,149.38350325882584
50,177,NL0 26,169.00957481585152,0.0,169.00957481585152
50,177,NL0 28,128.304168789236,0.0,128.304168789236
50,177,NL0 4,212.6767485248588,0.0,212.6767485248588
50,178,NL0 14,145.2574764749331,0.0,133.9351369629722
50,178,NL0 20,242.91799212120864,0.0,51.86106344423432
50,178,NL0 26,166.22426929813852,0.0,150.37056988125738
50,178,NL0 28,126.1896950402569,0.0,115.54098798325583
50,178,NL0 4,209.17180082115038,0.0,209.17180082115038
50,179,NL0 14,141.85282910626253,0.0,42.959009521379166
50,179,NL0 28,123.23197180563706,0.0,111.59175248730358
50,185,NL0 28,134.32514635309803,0.0,19.116027221635928
51,176,NL0 14,145.02057846964792,0.0,145.02057846964792
51,176,NL0 26,165.95317689874994,0.0,165.95317689874994
51,176,NL0 28,125.98389436294894,0.0,125.98389436294894
51,176,NL0 4,208.83066600606915,0.0,135.6497846187952
51,177,NL0 14,147.69145589576627,0.0,146.56020293665946
51,177,NL0 20,246.9884014944237,0.0,246.9884014944237
51,177,NL0 24,549.7321210782025,0.0,148.24159249671834
51,177,NL0 26,169.00957481585152,0.0,169.00957481585152
51,177,NL0 28,128.304168789236,0.0,128.304168789236
51,177,NL0 4,212.6767485248588,0.0,212.6767485248588
51,178,NL0 14,145.2574764749331,0.0,133.93513696297236
51,178,NL0 20,242.91799212120864,0.0,50.7303174912801
51,178,NL0 26,166.22426929813852,0.0,150.37056988125747
51,178,NL0 28,126.1896950402569,0.0,115.54098798325542
51,178,NL0 4,209.17180082115038,0.0,209.17180082115038
51,179,NL0 14,141.85282910626253,0.0,41.70258785523496
51,179,NL0 28,123.23197180563706,0.0,111.59175248730409
51,185,NL0 28,134.32514635309803,0.0,17.949150862511644
52,176,NL0 10,1038.018179688212,0.0,251.36424762686838
52,176,NL0 20,242.5218212033466,0.0,216.99005450106597
52,176,NL0 24,539.7906718339335,0.0,539.7906718339335
52,176,NL0 4,208.83066600606915,0.0,208.83066600606915
52,177,NL0 10,1057.135599803937,0.0,693.7929681491113
52,177,NL0 20,246.9884014944237,0.0,246.9884014944237
52,177,NL0 24,549.7321210782025,0.0,549.7321210782025
52,177,NL0 4,212.6767485248588,0.0,212.6767485248588
52,178,NL0 10,1039.7138317040353,0.0,381.57423123040945
52,178,NL0 20,242.91799212120864,0.0,226.0559281451521
52,178,NL0 24,540.6724455434198,0.0,540.6724455434198
52,178,NL0 4,209.17180082115038,0.0,188.06682946714704
52,179,NL0 20,237.22430858251013,0.0,203.7307936085069
52,179,NL0 24,527.9997827400717,0.0,450.2248362143606
52,179,NL0 4,204.2690843582996,0.0,39.66809062470156
52,180,NL0 20,233.9886935687452,0.0,144.7129809828431
52,180,NL0 24,520.7981429312905,0.0,26.106413480083745
52,181,NL0 20,234.84498680849785,0.0,164.36912827243282
52,182,NL0 20,236.05018961547194,0.0,166.0140447044554
52,183,NL0 20,240.73205484781826,0.0,54.65135455430286
52,183,NL0 4,207.28953416825877,0.0,101.33908842857386
52,184,NL0 4,214.6799119430073,0.0,41.92354272687362
52,185,NL0 20,258.57891829497237,0.0,3.562531974643207
52,185,NL0 4,222.6571095942392,0.0,222.6571095942392
53,176,NL0 20,242.5218212033466,0.0,242.5218212033466
53,176,NL0 24,539.7906718339335,0.0,190.79145805478058
53,176,NL0 4,208.83066600606915,0.0,208.83066600606915
53,177,NL0 10,1057.135599803937,0.0,116.91060129003222
53,177,NL0 20,246.9884014944237,0.0,246.9884014944237
53,177,NL0 24,549.7321210782025,0.0,549.7321210782025
53,177,NL0 4,212.6767485248588,0.0,212.6767485248588
53,178,NL0 20,242.91799212120864,0.0,242.91799212120864
53,178,NL0 24,540.6724455434198,0.0,314.53027257283105
53,178,NL0 4,209.17180082115038,0.0,209.17180082115038
53,179,NL0 4,204.2690843582996,0.0,130.02532494962884
54,176,NL0 20,242.5218212033466,0.0,72.74418819167808
54,176,NL0 24,539.7906718339335,0.0,159.26584841394634
54,177,NL0 20,246.9884014944237,0.0,103.4105033695192
54,177,NL0 24,549.7321210782025,0.0,510.3837349051232
54,177,NL0 4,212.6767485248588,0.0,38.02844044918237
54,178,NL0 20,242.91799212120864,0.0,82.47803002024672
54,178,NL0 24,540.6724455434198,0.0,288.5031009801047
55,175,NL0 4,190.08575463905547,0.0,112.93448978223068
55,176,NL0 10,1038.018179688212,0.0,935.8107680279351
55,176,NL0 20,242.5218212033466,0.0,242.5218212033466
55,176,NL0 24,539.7906718339335,0.0,539.7906718339335
55,176,NL0 4,208.83066600606915,0.0,208.83066600606915
55,177,NL0 10,1057.135599803937,0.0,1057.135599803937
55,177,NL0 20,246.9884014944237,0.0,246.9884014944237
55,177,NL0 24,549.7321210782025,0.0,549.7321210782025
55,177,NL0 27,407.85441894800624,0.0,343.96735135660265
55,177,NL0 4,212.6767485248588,0.0,212.6767485248588
55,178,NL0 10,1039.7138317040353,0.0,1039.7138317040353
55,178,NL0 20,242.91799212120864,0.0,242.91799212120864
55,178,NL0 24,540.6724455434198,0.0,540.6724455434198
55,178,NL0 27,401.1329112182976,0.0,19.432306053118324
55,178,NL0 4,209.17180082115038,0.0,209.17180082115038
55,179,NL0 10,1015.3442842825474,0.0,444.4052155579549
55,179,NL0 20,237.22430858251013,0.0,237.22430858251013
55,179,NL0 24,527.9997827400717,0.0,527.9997827400717
55,179,NL0 4,204.2690843582996,0.0,204.2690843582996
55,180,NL0 20,233.9886935687452,0.0,233.9886935687452
55,180,NL0 24,520.7981429312905,0.0,353.19812409060665
55,180,NL0 4,201.4829612997183,0.0,201.4829612997183
55,181,NL0 20,234.84498680849785,0.0,234.84498680849785
55,181,NL0 24,522.7040295887447,0.0,326.42887045872124
55,181,NL0 4,202.22029819858693,0.0,202.22029819858693
55,182,NL0 20,236.05018961547194,0.0,236.05018961547194
55,182,NL0 24,525.3864984471952,0.0,368.5634979071684
55,182,NL0 4,203.25807411336433,0.0,203.25807411336433
55,183,NL0 20,240.73205484781826,0.0,240.73205484781826
55,183,NL0 24,535.8071161329133,0.0,415.0345686331516
55,183,NL0 4,207.28953416825877,0.0,207.28953416825877
55,184,NL0 20,249.31474009990026,0.0,249.31474009990026
55,184,NL0 24,554.909947438456,0.0,285.76800314605924
55,184,NL0 4,214.6799119430073,0.0,214.6799119430073
55,185,NL0 20,258.57891829497237,0.0,258.57891829497237
55,185,NL0 24,575.5296052782936,0.0,468.2580158079794
55,185,NL0 4,222.6571095942392,0.0,222.6571095942392
55,186,NL0 4,215.61313772465093,0.0,89.1447750523239
56,176,NL0 24,539.7906718339335,0.0,185.94236382487907
56,177,NL0 24,549.7321210782025,0.0,540.0379232161471
56,178,NL0 24,540.6724455434198,0.0,310.24668749839634
57,176,NL0 20,242.5218212033466,0.0,242.5218212033466
57,176,NL0 24,539.7906718339335,0.0,62.37164034616325
57,176,NL0 4,208.83066600606915,0.0,208.83066600606915
57,177,NL0 20,246.9884014944237,0.0,246.9884014944237
57,177,NL0 24,549.7321210782025,0.0,537.2093141503765
57,177,NL0 4,212.6767485248588,0.0,212.6767485248588
57,178,NL0 20,242.91799212120864,0.0,242.91799212120864
57,178,NL0 24,540.6724455434198,0.0,186.51941131527343
57,178,NL0 4,209.17180082115038,0.0,209.17180082115038
57,179,NL0 4,204.2690843582996,0.0,3.0350904268326246
58,176,NL0 20,242.5218212033466,0.0,242.5218212033466
58,176,NL0 24,539.7906718339335,0.0,62.37164034616325
58,176,NL0 4,208.83066600606915,0.0,208.83066600606915
58,177,NL0 20,246.9884014944237,0.0,246.9884014944237
58,177,NL0 24,549.7321210782025,0.0,537.2093141503765
58,177,NL0 4,212.6767485248588,0.0,212.6767485248588
58,178,NL0 20,242.91799212120864,0.0,242.91799212120864
58,178,NL0 24,540.6724455434198,0.0,186.51941131527343
58,178,NL0 4,209.17180082115038,0.0,209.17180082115038
58,179,NL0 4,204.2690843582996,0.0,3.0350904268326246
59,176,NL0 20,242.5218212033466,0.0,242.5218212033466
59,176,NL0 24,539.7906718339335,0.0,62.37164034616325
59,176,NL0 4,208.83066600606915,0.0,208.83066600606915
59,177,NL0 20,246.9884014944237,0.0,246.9884014944237
59,177,NL0 24,549.7321210782025,0.0,537.2093141503765
59,177,NL0 4,212.6767485248588,0.0,212.6767485248588
59,178,NL0 20,242.91799212120864,0.0,242.91799212120864
59,178,NL0 24,540.6724455434198,0.0,186.51941131527343
59,178,NL0 4,209.17180082115038,0.0,209.17180082115038
59,179,NL0 4,204.2690843582996,0.0,3.0350904268326246
60,176,NL0 20,242.5218212033466,0.0,242.5218212033466
60,176,NL0 24,539.7906718339335,0.0,62.37164034616325
60,176,NL0 4,208.83066600606915,0.0,208.83066600606915
60,177,NL0 20,246.9884014944237,0.0,246.9884014944237
60,177,NL0 24,549.7321210782025,0.0,537.2093141503765
60,177,NL0 4,212.6767485248588,0.0,212.6767485248588
60,178,NL0 20,242.91799212120864,0.0,242.91799212120864
60,178,NL0 24,540.6724455434198,0.0,186.51941131527343
60,178,NL0 4,209.17180082115038,0.0,209.17180082115038
60,179,NL0 4,204.2690843582996,0.0,3.0350904268326246
61,176,NL0 10,1038.018179688212,0.0,264.6949344673742
61,176,NL0 20,242.5218212033466,0.0,216.3220863165844
61,176,NL0 24,539.7906718339335,0.0,539.7906718339335
61,176,NL0 4,208.83066600606915,0.0,198.01010312230085
61,177,NL0 10,1057.135599803937,0.0,695.3897369945728
61,177,NL0 20,246.9884014944237,0.0,246.9884014944237
61,177,NL0 24,549.7321210782025,0.0,549.7321210782025
61,177,NL0 4,212.6767485248588,0.0,212.6767485248588
61,178,NL0 10,1039.7138317040353,0.0,394.9382203646584
61,178,NL0 20,242.91799212120864,0.0,226.05592814515205
61,178,NL0 24,540.6724455434198,0.0,540.6724455434198
61,178,NL0 4,209.17180082115038,0.0,176.54959811954387
61,179,NL0 20,237.22430858251013,0.0,203.730793608507
61,179,NL0 24,527.9997827400717,0.0,463.40388508378186
61,179,NL0 4,204.2690843582996,0.0,28.31024281101884
61,180,NL0 20,233.9886935687452,0.0,144.7129809828431
61,180,NL0 24,520.7981429312905,0.0,39.28546234950562
61,181,NL0 20,234.84498680849785,0.0,169.91913940367218
61,181,NL0 24,522.7040295887447,0.0,6.984435732244378
61,182,NL0 20,236.05018961547194,0.0,177.82170182600146
61,183,NL0 20,240.73205484781826,0.0,66.45901167584904
61,183,NL0 4,207.28953416825877,0.0,91.16312095539513
61,184,NL0 4,214.6799119430073,0.0,43.48638898542083
61,185,NL0 20,258.57891829497237,0.0,5.13454369374449
61,185,NL0 4,222.6571095942392,0.0,222.6571095942392
62,176,NL0 14,145.02057846964792,0.0,145.02057846964792
62,176,NL0 26,165.95317689874994,0.0,165.95317689874994
62,176,NL0 28,125.98389436294894,0.0,125.98389436294894
62,176,NL0 4,208.83066600606915,0.0,131.85415019663031
62,177,NL0 14,147.69145589576627,0.0,146.56020293665958
62,177,NL0 20,246.9884014944237,0.0,246.9884014944237
62,177,NL0 24,549.7321210782025,0.0,144.39261560567581
62,177,NL0 26,169.00957481585152,0.0,169.00957481585152
62,177,NL0 28,128.304168789236,0.0,128.304168789236
62,177,NL0 4,212.6767485248588,0.0,212.6767485248588
62,178,NL0 14,145.2574764749331,0.0,133.93513696297248
62,178,NL0 20,242.91799212120864,0.0,46.918973219049036
62,178,NL0 26,166.22426929813852,0.0,150.37056988125764
62,178,NL0 28,126.1896950402569,0.0,115.54098798325583
62,178,NL0 4,209.17180082115038,0.0,209.17180082115038
62,179,NL0 14,141.85282910626253,0.0,37.46763524872314
62,179,NL0 28,123.23197180563706,0.0,111.59175248730345
62,185,NL0 28,134.32514635309803,0.0,14.016023782875049
63,176,NL0 20,242.5218212033466,0.0,242.5218212033466
63,176,NL0 24,539.7906718339335,0.0,62.37164034616325
63,176,NL0 4,208.83066600606915,0.0,208.83066600606915
63,177,NL0 20,246.9884014944237,0.0,246.9884014944237
63,177,NL0 24,549.7321210782025,0.0,537.2093141503765
63,177,NL0 4,212.6767485248588,0.0,212.6767485248588
63,178,NL0 20,242.91799212120864,0.0,242.91799212120864
63,178,NL0 24,540.6724455434198,0.0,186.51941131527343
63,178,NL0 4,209.17180082115038,0.0,209.17180082115038
63,179,NL0 4,204.2690843582996,0.0,3.0350904268326246
64,176,NL0 20,242.5218212033466,0.0,242.5218212033466
64,176,NL0 24,539.7906718339335,0.0,62.37164034616325
64,176,NL0 4,208.83066600606915,0.0,208.83066600606915
64,177,NL0 20,246.9884014944237,0.0,246.9884014944237
64,177,NL0 24,549.7321210782025,0.0,537.2093141503765
64,177,NL0 4,212.6767485248588,0.0,212.6767485248588
64,178,NL0 20,242.91799212120864,0.0,242.91799212120864
64,178,NL0 24,540.6724455434198,0.0,186.51941131527343
64,178,NL0 4,209.17180082115038,0.0,209.17180082115038
64,179,NL0 4,204.2690843582996,0.0,3.0350904268326246
65,176,NL0 10,1038.018179688212,0.0,136.80183510978136
65,176,NL0 20,242.5218212033466,0.0,242.5218212033466
65,176,NL0 24,539.7906718339335,0.0,539.7906718339335
65,176,NL0 25,261.80282880036805,0.0,21.306715742285974
65,176,NL0 4,208.83066600606915,0.0,208.83066600606915
65,177,NL0 10,1057.135599803937,0.0,603.3601159577488
65,177,NL0 20,246.9884014944237,0.0,246.9884014944237
65,177,NL0 24,549.7321210782025,0.0,549.7321210782025
65,177,NL0 25,266.62451185332304,0.0,24.94654899776981
65,177,NL0 4,212.6767485248588,0.0,212.6767485248588
65,178,NL0 10,1039.7138317040353,0.0,263.0103619599219
65,178,NL0 20,242.91799212120864,0.0,242.91799212120864
65,178,NL0 24,540.6724455434198,0.0,540.6724455434198
65,178,NL0 25,262.23049616023735,0.0,3.644394485917246
65,178,NL0 4,209.17180082115038,0.0,209.17180082115038
65,179,NL0 20,237.22430858251013,0.0,237.22430858251013
65,179,NL0 24,527.9997827400717,0.0,170.43258099914618
65,179,NL0 4,204.2690843582996,0.0,204.2690843582996
65,182,NL0 4,203.25807411336433,0.0,4.259790547236662
65,183,NL0 25,259.87077216132377,0.0,14.347118543388342
65,183,NL0 4,207.28953416825877,0.0,72.3027638087733
65,185,NL0 25,279.1364997255301,0.0,68.08450950606428
65,185,NL0 4,222.6571095942392,0.0,116.75763379014921
66,114,NL0 24,474.07758766600034,0.0,24.679657422269287
66,151,NL0 24,454.0088762736251,0.0,70.02847320776345
66,175,NL0 24,491.3383611949693,0.0,129.8751219130503
66,176,NL0 0,876.5795473808435,0.0,95.85715713963589
66,176,NL0 10,1038.018179688212,0.0,845.3401904944986
66,176,NL0 24,539.7906718339335,0.0,539.7906718339335
66,177,NL0 0,892.7237149879707,0.0,242.49105676049862
66,177,NL0 10,1057.135599803937,0.0,1050.138592890374
66,177,NL0 24,549.7321210782025,0.0,549.7321210782025
66,178,NL0 0,878.0114817203674,0.0,70.52443687321716
66,178,NL0 10,1039.7138317040353,0.0,994.3845309484129
66,178,NL0 24,540.6724455434198,0.0,540.6724455434198
66,179,NL0 10,1015.3442842825474,0.0,597.8899812677225
66,179,NL0 24,527.9997827400717,0.0,527.9997827400717
66,180,NL0 10,1001.4955213543487,0.0,166.47964411700002
66,180,NL0 24,520.7981429312905,0.0,520.7981429312905
66,181,NL0 10,1005.160543930862,0.0,138.74025578192084
66,181,NL0 24,522.7040295887447,0.0,522.7040295887447
66,182,NL0 10,1010.318935112501,0.0,114.43237848041315
66,182,NL0 24,525.3864984471952,0.0,525.3864984471952
66,183,NL0 24,535.8071161329133,0.0,510.8943666514821
66,184,NL0 24,554.909947438456,0.0,322.90140476383476
66,185,NL0 0,934.6168935915413,0.0,52.86816232683168
66,185,NL0 24,575.5296052782936,0.0,433.0253873421624
67,176,NL0 14,145.02057846964792,0.0,145.02057846964792
67,176,NL0 26,165.95317689874994,0.0,165.95317689874994
67,176,NL0 28,125.98389436294894,0.0,125.98389436294894
67,176,NL0 4,208.83066600606915,0.0,121.38769337018414
67,177,NL0 14,147.69145589576627,0.0,127.56816507230165
67,177,NL0 17,648.2305923159428,0.0,163.37136516042972
67,177,NL0 20,246.9884014944237,0.0,246.9884014944237
67,177,NL0 26,169.00957481585152,0.0,169.00957481585152
67,177,NL0 28,128.304168789236,0.0,128.304168789236
67,177,NL0 4,212.6767485248588,0.0,212.6767485248588
67,178,NL0 14,145.2574764749331,0.0,133.9351369629722
67,178,NL0 20,242.91799212120864,0.0,36.40919650212351
67,178,NL0 26,166.22426929813852,0.0,150.37056988125764
67,178,NL0 28,126.1896950402569,0.0,115.54098798325566
67,178,NL0 4,209.17180082115038,0.0,209.17180082115038
67,179,NL0 14,141.85282910626253,0.0,25.789759118381387
67,179,NL0 28,123.23197180563706,0.0,111.59175248730338
67,185,NL0 28,134.32514635309803,0.0,3.1704311379308034
68,114,NL0 24,474.07758766600034,0.0,160.80361348796043
68,115,NL0 24,479.5649915610384,0.0,40.9722656975224
68,151,NL0 24,454.0088762736251,0.0,203.0655934528615
68,175,NL0 24,491.3383611949693,0.0,260.52831627808814
68,176,NL0 10,1038.018179688212,0.0,1038.018179688212
68,176,NL0 24,539.7906718339335,0.0,539.7906718339335
68,176,NL0 27,400.4787102172341,0.0,37.80241172881097
68,177,NL0 10,1057.135599803937,0.0,1057.135599803937
68,177,NL0 24,549.7321210782025,0.0,549.7321210782025
68,177,NL0 27,407.85441894800624,0.0,373.78939974162336
68,178,NL0 10,1039.7138317040353,0.0,1039.7138317040353
68,178,NL0 24,540.6724455434198,0.0,540.6724455434198
68,178,NL0 27,401.1329112182976,0.0,167.10587796064
68,179,NL0 10,1015.3442842825474,0.0,737.0277209715099
68,179,NL0 24,527.9997827400717,0.0,527.9997827400717
68,180,NL0 10,1001.4955213543487,0.0,308.00877034235685
68,180,NL0 24,520.7981429312905,0.0,520.7981429312905
68,181,NL0 10,1005.160543930862,0.0,271.7759343462585
68,181,NL0 24,522.7040295887447,0.0,522.7040295887447
68,182,NL0 10,1010.318935112501,0.0,247.36436937891904
68,182,NL0 24,525.3864984471952,0.0,525.3864984471952
68,183,NL0 10,1030.357796778276,0.0,108.17253133683266
68,183,NL0 24,535.8071161329133,0.0,535.8071161329133
68,184,NL0 24,554.909947438456,0.0,453.77112402332796
68,185,NL0 10,1106.7441962232401,0.0,41.68565809135012
68,185,NL0 24,575.5296052782936,0.0,575.5296052782936
68,186,NL0 24,557.3221725262769,0.0,2.21512566467203
69,176,NL0 10,1038.018179688212,0.0,87.73681856602063
69,176,NL0 20,242.5218212033466,0.0,242.5218212033466
69,176,NL0 24,539.7906718339335,0.0,539.7906718339335
69,176,NL0 25,261.80282880036805,0.0,53.83535167100422
69,176,NL0 4,208.83066600606915,0.0,208.83066600606915
69,177,NL0 10,1057.135599803937,0.0,554.2950994139885
69,177,NL0 20,246.9884014944237,0.0,246.9884014944237
69,177,NL0 24,549.7321210782025,0.0,549.7321210782025
69,177,NL0 25,266.62451185332304,0.0,57.475184926488055
69,177,NL0 4,212.6767485248588,0.0,212.6767485248588
69,178,NL0 10,1039.7138317040353,0.0,213.94534541616193
69,178,NL0 20,242.91799212120864,0.0,242.91799212120864
69,178,NL0 24,540.6724455434198,0.0,540.6724455434198
69,178,NL0 25,262.23049616023735,0.0,36.173030414635036
69,178,NL0 4,209.17180082115038,0.0,209.17180082115038
69,179,NL0 20,237.22430858251013,0.0,237.22430858251013
69,179,NL0 24,527.9997827400717,0.0,132.42650217478248
69,179,NL0 25,256.0841525061728,0.0,10.347856106667848
69,179,NL0 4,204.2690843582996,0.0,204.2690843582996
69,183,NL0 25,259.87077216132377,0.0,45.8570121690245
69,183,NL0 4,207.28953416825877,0.0,24.77438126540892
69,185,NL0 25,279.1364997255301,0.0,99.59440313170009
69,185,NL0 4,222.6571095942392,0.0,69.22925124678363
70,176,NL0 10,1038.018179688212,0.0,734.049427328578
70,176,NL0 24,539.7906718339335,0.0,539.7906718339335
70,177,NL0 0,892.7237149879707,0.0,101.19265744472648
70,177,NL0 10,1057.135599803937,0.0,983.4838866969129
70,177,NL0 24,549.7321210782025,0.0,549.7321210782025
70,178,NL0 10,1039.7138317040353,0.0,858.2099245834829
70,178,NL0 24,540.6724455434198,0.0,540.6724455434198
70,179,NL0 10,1015.3442842825474,0.0,392.44057889211604
70,179,NL0 24,527.9997827400717,0.0,527.9997827400717
70,180,NL0 24,520.7981429312905,0.0,482.35120182092186
70,181,NL0 24,522.7040295887447,0.0,456.8287790104912
70,182,NL0 24,525.3864984471952,0.0,435.5905563087384
70,183,NL0 24,535.8071161329133,0.0,308.2012675083555
70,184,NL0 24,554.909947438456,0.0,120.09478042794984
70,185,NL0 24,575.5296052782936,0.0,281.5669559321302
71,114,NL0 24,474.07758766600034,0.0,140.6611227482042
71,115,NL0 24,479.5649915610384,0.0,20.829774957765864
71,151,NL0 24,454.0088762736251,0.0,182.92310271310623
71,175,NL0 24,491.3383611949693,0.0,240.3858255383334
71,176,NL0 0,876.5795473808435,0.0,144.2763733678621
71,176,NL0 10,1038.018179688212,0.0,913.9691001875374
71,176,NL0 24,539.7906718339335,0.0,539.7906718339335
71,177,NL0 0,892.7237149879707,0.0,283.7209565962528
71,177,NL0 10,1057.135599803937,0.0,1057.135599803937
71,177,NL0 24,549.7321210782025,0.0,549.7321210782025
71,177,NL0 27,407.85441894800624,0.0,71.29079658955405
71,178,NL0 0,878.0114817203674,0.0,119.09428248319277
71,178,NL0 10,1039.7138317040353,0.0,1039.7138317040353
71,178,NL0 24,540.6724455434198,0.0,540.6724455434198
71,178,NL0 27,401.1329112182976,0.0,28.607476789746517
71,179,NL0 10,1015.3442842825474,0.0,717.4440166352676
71,179,NL0 24,527.9997827400717,0.0,527.9997827400717
71,180,NL0 10,1001.4955213543487,0.0,288.4250660061145
71,180,NL0 24,520.7981429312905,0.0,520.7981429312905
71,181,NL0 10,1005.160543930862,0.0,252.19223001001552
71,181,NL0 24,522.7040295887447,0.0,522.7040295887447
71,182,NL0 10,1010.318935112501,0.0,227.78066504267588
71,182,NL0 24,525.3864984471952,0.0,525.3864984471952
71,183,NL0 10,1030.357796778276,0.0,88.58882700059092
71,183,NL0 24,535.8071161329133,0.0,535.8071161329133
71,184,NL0 24,554.909947438456,0.0,434.4474161831672
71,185,NL0 0,934.6168935915413,0.0,107.19648154630482
71,185,NL0 24,575.5296052782936,0.0,493.61203704981057
72,176,NL0 14,145.02057846964792,0.0,145.02057846964792
72,176,NL0 26,165.95317689874994,0.0,165.95317689874994
72,176,NL0 28,125.98389436294894,0.0,125.98389436294894
72,176,NL0 4,208.83066600606915,0.0,126.77706650111116
72,177,NL0 14,147.69145589576627,0.0,137.82350495644684
72,177,NL0 17,648.2305923159428,0.0,153.11602527628506
72,177,NL0 20,246.9884014944237,0.0,246.9884014944237
72,177,NL0 26,169.00957481585152,0.0,169.00957481585152
72,177,NL0 28,128.304168789236,0.0,128.304168789236
72,177,NL0 4,212.6767485248588,0.0,212.6767485248588
72,178,NL0 14,145.2574764749331,0.0,133.93513696297228
72,178,NL0 20,242.91799212120864,0.0,41.82087584972516
72,178,NL0 26,166.22426929813852,0.0,150.37056988125744
72,178,NL0 28,126.1896950402569,0.0,115.54098798325535
72,178,NL0 4,209.17180082115038,0.0,209.17180082115038
72,179,NL0 14,141.85282910626253,0.0,31.802914562173385
72,179,NL0 28,123.23197180563706,0.0,111.59175248730386
72,185,NL0 28,134.32514635309803,0.0,8.755028347748791
73,176,NL0 10,1038.018179688212,0.0,280.45683837543737
73,176,NL0 20,242.5218212033466,0.0,216.32208631658486
73,176,NL0 24,539.7906718339335,0.0,539.7906718339335
73,176,NL0 4,208.83066600606915,0.0,184.4263227133032
73,177,NL0 10,1057.135599803937,0.0,697.2730157710471
73,177,NL0 20,246.9884014944237,0.0,246.9884014944237
73,177,NL0 24,549.7321210782025,0.0,549.7321210782025
73,177,NL0 4,212.6767485248588,0.0,212.6767485248588
73,178,NL0 10,1039.7138317040353,0.0,410.7001242727221
73,178,NL0 20,242.91799212120864,0.0,226.0559281451521
73,178,NL0 24,540.6724455434198,0.0,540.6724455434198
73,178,NL0 4,209.17180082115038,0.0,162.96581771054565
73,179,NL0 20,237.22430858251013,0.0,203.73079360850787
73,179,NL0 24,527.9997827400717,0.0,478.94766469874236
73,179,NL0 4,204.2690843582996,0.0,14.914444292828875
73,180,NL0 20,233.9886935687452,0.0,144.7129809828431
73,180,NL0 24,520.7981429312905,0.0,54.82924196446616
73,181,NL0 20,234.84498680849785,0.0,169.91913940367172
73,181,NL0 24,522.7040295887447,0.0,22.52821534720556
73,182,NL0 20,236.05018961547194,0.0,191.74801941422868
73,183,NL0 20,240.73205484781826,0.0,80.38532926407689
73,183,NL0 4,207.28953416825877,0.0,79.16126882332742
73,184,NL0 4,214.6799119430073,0.0,45.329658409157275
73,185,NL0 20,258.57891829497237,0.0,6.988623146363011
73,185,NL0 4,222.6571095942392,0.0,222.6571095942392
74,176,NL0 14,145.02057846964792,0.0,145.02057846964792
74,176,NL0 24,539.7906718339335,0.0,188.9110412432147
74,176,NL0 26,165.95317689874994,0.0,104.89701069203369
74,176,NL0 28,125.98389436294894,0.0,125.98389436294894
74,177,NL0 14,147.69145589576627,0.0,146.560202936659
74,177,NL0 21,701.0408892934616,0.0,114.33358881448814
74,177,NL0 24,549.7321210782025,0.0,549.7321210782025
74,177,NL0 26,169.00957481585152,0.0,108.98834223851563
74,177,NL0 28,128.304168789236,0.0,128.304168789236
74,178,NL0 14,145.2574764749331,0.0,133.93513696297185
74,178,NL0 24,540.6724455434198,0.0,318.0513814738125
74,178,NL0 26,166.22426929813852,0.0,86.80319191910748
74,178,NL0 28,126.1896950402569,0.0,115.54098798325572
74,179,NL0 14,141.85282910626253,0.0,8.486513486538126
74,179,NL0 28,123.23197180563706,0.0,111.59175248730367
75,176,NL0 25,261.80282880036805,0.0,207.80282880036734
75,176,NL0 26,165.95317689874994,0.0,165.95317689874994
75,176,NL0 27,400.4787102172341,0.0,400.4787102172341
75,176,NL0 4,208.83066600606915,0.0,208.83066600606915
75,176,NL0 7,1132.8740808759255,0.0,516.7778722645467
75,177,NL0 18,652.4943859542411,0.0,652.4943859542411
75,177,NL0 21,701.0408892934616,0.0,375.4002873412711
75,177,NL0 24,549.7321210782025,0.0,549.7321210782025
75,177,NL0 25,266.62451185332304,0.0,212.6245118533222
75,177,NL0 30,200.4997623934252,0.0,200.4997623934252
75,178,NL0 24,540.6724455434198,0.0,540.6724455434198
75,178,NL0 25,262.23049616023735,0.0,192.51179539560343
75,178,NL0 3,995.7230674650983,0.0,860.0362143893585
75,179,NL0 10,1015.3442842825474,0.0,81.33842585552844
75,179,NL0 21,673.3269224160882,0.0,673.3269224160882
75,179,NL0 25,256.0841525061728,0.0,170.8166949928683
75,180,NL0 0,845.7371055644011,0.0,111.47526634988114
75,180,NL0 25,252.591299123704,0.0,165.5611748299211
75,181,NL0 0,848.832122486191,0.0,101.7614207025351
75,181,NL0 25,253.51566952195327,0.0,141.16394960870653
75,182,NL0 0,853.1882506308566,0.0,155.88390812924786
75,182,NL0 25,254.81668855017261,0.0,156.97972361419227
75,183,NL0 0,870.1105518320634,0.0,224.73820194169755
75,183,NL0 25,259.87077216132377,0.0,205.87077216132357
75,184,NL0 0,901.1321164741751,0.0,123.25681209891584
75,184,NL0 25,269.1357993928909,0.0,215.13579939289
75,185,NL0 0,934.6168935915413,0.0,336.25308696085233
75,185,NL0 25,279.1364997255301,0.0,225.13649972552938
76,176,NL0 10,1038.018179688212,0.0,240.90382417980373
76,176,NL0 20,242.5218212033466,0.0,216.3220863165842
76,176,NL0 24,539.7906718339335,0.0,539.7906718339335
76,177,NL0 10,1057.135599803937,0.0,587.1401902213702
76,177,NL0 20,246.9884014944237,0.0,246.9884014944237
76,177,NL0 24,549.7321210782025,0.0,549.7321210782025
76,178,NL0 10,1039.7138317040353,0.0,370.92893490998506
76,178,NL0 20,242.91799212120864,0.0,226.05592814515174
76,178,NL0 24,540.6724455434198,0.0,540.6724455434198
76,179,NL0 20,237.22430858251013,0.0,203.7307936085079
76,179,NL0 24,527.9997827400717,0.0,439.4838496947296
76,180,NL0 20,233.9886935687452,0.0,144.71298098284322
76,180,NL0 24,520.7981429312905,0.0,15.917436673472139
76,181,NL0 20,234.84498680849785,0.0,155.59667511425604
76,182,NL0 20,236.05018961547194,0.0,156.87101454111115
76,183,NL0 20,240.73205484781826,0.0,45.15227643422244
77,176,NL0 10,1038.018179688212,0.0,218.4015942644497
77,176,NL0 20,242.5218212033466,0.0,216.32208631658432
77,176,NL0 24,539.7906718339335,0.0,539.7906718339335
77,176,NL0 28,125.98389436294894,0.0,124.57593327907057
77,177,NL0 10,1057.135599803937,0.0,561.3230591827873
77,177,NL0 14,147.69145589576627,0.0,31.467993170649834
77,177,NL0 20,246.9884014944237,0.0,246.9884014944237
77,177,NL0 24,549.7321210782025,0.0,549.7321210782025
77,177,NL0 28,128.304168789236,0.0,128.304168789236
77,178,NL0 10,1039.7138317040353,0.0,349.5168513497495
77,178,NL0 20,242.91799212120864,0.0,226.05592814515137
77,178,NL0 24,540.6724455434198,0.0,540.6724455434198
77,178,NL0 28,126.1896950402569,0.0,87.03691797629506
77,179,NL0 20,237.22430858251013,0.0,203.73079360850784
77,179,NL0 24,527.9997827400717,0.0,423.1284160149573
77,179,NL0 28,123.23197180563706,0.0,33.30356671538652
77,180,NL0 20,233.9886935687452,0.0,144.7129809828429
77,180,NL0 24,520.7981429312905,0.0,3.147525471339449
77,181,NL0 20,234.84498680849785,0.0,144.10413745602673
77,182,NL0 20,236.05018961547194,0.0,145.1118799525883
77,182,NL0 28,122.62204697834143,0.0,14.32245619951205
77,183,NL0 20,240.73205484781826,0.0,28.61297135613472
77,183,NL0 28,125.0541564352423,0.0,83.60686849102365
77,184,NL0 28,129.5126423017249,0.0,57.278843014602046
77,185,NL0 14,154.62222790975503,0.0,5.302211960270156
77,185,NL0 28,134.32514635309803,0.0,134.32514635309803
78,176,NL0 20,242.5218212033466,0.0,131.8420697878232
78,176,NL0 24,539.7906718339335,0.0,252.90237536989244
78,176,NL0 4,208.83066600606915,0.0,208.83066600606915
78,177,NL0 3,1012.4077126473871,0.0,1012.4077126473871
78,177,NL0 8,355.8141457392717,0.0,100.90831472229627
78,178,NL0 10,1039.7138317040353,0.0,493.42025389245794
78,178,NL0 4,209.17180082115038,0.0,209.17180082115038
78,179,NL0 0,857.432028232356,0.0,5.274743459624801
79,176,NL0 10,1038.018179688212,0.0,214.53689751089019
79,176,NL0 20,242.5218212033466,0.0,242.5218212033466
79,176,NL0 24,539.7906718339335,0.0,539.7906718339335
79,176,NL0 4,208.83066600606915,0.0,208.83066600606915
79,177,NL0 10,1057.135599803937,0.0,680.5867026240276
79,177,NL0 20,246.9884014944237,0.0,246.9884014944237
79,177,NL0 24,549.7321210782025,0.0,549.7321210782025
79,177,NL0 4,212.6767485248588,0.0,212.6767485248588
79,178,NL0 10,1039.7138317040353,0.0,337.44321855236944
79,178,NL0 20,242.91799212120864,0.0,242.91799212120864
79,178,NL0 24,540.6724455434198,0.0,540.6724455434198
79,178,NL0 4,209.17180082115038,0.0,209.17180082115038
79,179,NL0 20,237.22430858251013,0.0,237.22430858251013
79,179,NL0 24,527.9997827400717,0.0,249.47724622610127
79,179,NL0 4,204.2690843582996,0.0,204.2690843582996
79,180,NL0 4,201.4829612997183,0.0,66.28681186317772
79,181,NL0 4,202.22029819858693,0.0,40.964035490762484
79,182,NL0 4,203.25807411336433,0.0,85.5033102301636
79,183,NL0 4,207.28953416825877,0.0,142.1082282780053
79,184,NL0 4,214.6799119430073,0.0,30.61957615037386
79,185,NL0 20,258.57891829497237,0.0,7.288625616186437
79,185,NL0 4,222.6571095942392,0.0,222.6571095942392
80,176,NL0 10,1038.018179688212,0.0,225.12673460875578
80,176,NL0 20,242.5218212033466,0.0,216.32208631658364
80,176,NL0 24,539.7906718339335,0.0,539.7906718339335
80,177,NL0 10,1057.135599803937,0.0,570.3728004785016
80,177,NL0 20,246.9884014944237,0.0,246.9884014944237
80,177,NL0 24,549.7321210782025,0.0,549.7321210782025
80,178,NL0 10,1039.7138317040353,0.0,355.3499056449745
80,178,NL0 20,242.91799212120864,0.0,226.055928145152
80,178,NL0 24,540.6724455434198,0.0,540.6724455434198
80,179,NL0 20,237.22430858251013,0.0,203.7307936085071
80,179,NL0 24,527.9997827400717,0.0,425.25795925169206
80,180,NL0 20,233.9886935687452,0.0,144.71298098284242
80,180,NL0 24,520.7981429312905,0.0,2.2241157612272673
80,181,NL0 20,234.84498680849785,0.0,144.3737363450114
80,182,NL0 20,236.05018961547194,0.0,145.34424188829928
80,183,NL0 20,240.73205484781826,0.0,32.142819400954416
