run_id,weight_type,mpec_status,solve_time,gap,total_cap,market_cost,lambda_e_avg,ls_total,rd_status,rd_volume,rd_cost,curtailment,rd_up_vol,rd_down_vol,rd_cost_econ,curt_cost,lambda_c_z1,c_dem_z1,nu_c_z1,req_z1,net_import_z1,lambda_c_z2,c_dem_z2,nu_c_z2,req_z2,net_import_z2,lambda_c_z3,c_dem_z3,nu_c_z3,req_z3,net_import_z3,c_NL0 0 Invest,c_NL0 1 Invest,c_NL0 10 Invest,c_NL0 11 Invest,c_NL0 12 Invest,c_NL0 13 Invest,c_NL0 14 Invest,c_NL0 15 Invest,c_NL0 16 Invest,c_NL0 17 Invest,c_NL0 18 Invest,c_NL0 19 Invest,c_NL0 2 Invest,c_NL0 20 Invest,c_NL0 21 Invest,c_NL0 22 Invest,c_NL0 23 Invest,c_NL0 24 Invest,c_NL0 25 Invest,c_NL0 26 Invest,c_NL0 27 Invest,c_NL0 28 Invest,c_NL0 3 Invest,c_NL0 30 Invest,c_NL0 31 Invest,c_NL0 33 Invest,c_NL0 4 Invest,c_NL0 5 Invest,c_NL0 6 Invest,c_NL0 7 Invest,c_NL0 8 Invest,c_NL0 9 Invest
1,ptdf_pos,TIME_LIMIT,220.50299978256226,0.15018002598904312,14700.960775213154,3.085015433990584e9,40.18282306038073,0.0,OPTIMAL,7.109866587604809e6,4.899078752711295e10,710502.5651442972,3.199682011230256e6,3.9101845763745527e6,-3.388946784355542e7,4.9024676994956505e10,59329.06935279719,3661.731217869757,59329.06935279678,3661.731217869758,3566.0154846551077,48541.96583407945,6126.324803184347,48541.96583407909,6126.324803184347,-3566.0154846551077,53935.51759343677,7001.104754159051,53935.51759343639,7001.104754159029,0.0,1000.0,1000.0,35.5312178697568,1000.0,1000.0,1000.0,1000.0,0.0,0.0,0.0,0.0,0.0,0.0,1000.0,0.0,0.0,0.0,1000.0,0.0,1000.0,0.0,1000.0,0.0,0.0,987.3248031843468,0.0,1000.0,678.1047541590506,1000.0,0.0,0.0,1000.0
2,ptdf_neg,TIME_LIMIT,220.58700013160706,0.9126509308648268,14700.960775213154,3.085015433990584e9,40.18282306038073,0.0,OPTIMAL,3.4875400085398774e6,1.0679364885939976e10,154880.18254302375,1.6663299129984265e6,1.821210095541451e6,-7.36770952866371e6,1.068673259546864e10,59329.06935279719,3661.731217869757,59329.06935279678,3661.731217869758,3566.0154846551077,48541.96583407945,6126.324803184347,48541.96583407909,6126.324803184347,-3566.0154846551077,53935.51759343677,7001.104754159051,53935.51759343639,7001.104754159029,0.0,0.0,0.0,0.0,0.0,987.3248031843468,678.1047541590506,0.0,1000.0,1000.0,0.0,0.0,1000.0,1000.0,0.0,0.0,1000.0,0.0,0.0,1000.0,0.0,0.0,0.0,1000.0,0.0,1000.0,35.5312178697568,0.0,1000.0,1000.0,1000.0,1000.0,1000.0
3,ptdf_pos,TIME_LIMIT,220.54299998283386,0.3301495892549676,14700.960775213154,3.0850154339905834e9,40.18282306038073,0.0,OPTIMAL,3.6533300617244234e6,1.0579082553024334e10,153425.39492235077,1.7499523334010362e6,1.9033777283233874e6,-7.269696617868602e6,1.0586352249642202e10,59329.06935279719,3661.731217869757,59329.06935279678,3661.731217869758,3566.0154846551077,48541.96583407945,6126.324803184347,48541.96583407909,6126.324803184347,-3566.0154846551077,53935.51759343677,7001.104754159051,53935.51759343639,7001.104754159029,0.0,1000.0,0.0,0.0,0.0,987.3248031843468,678.1047541590506,0.0,1000.0,1000.0,0.0,0.0,1000.0,1000.0,0.0,0.0,1000.0,0.0,0.0,1000.0,0.0,0.0,0.0,35.5312178697568,0.0,1000.0,0.0,0.0,1000.0,1000.0,1000.0,1000.0,1000.0
4,ptdf_neg,TIME_LIMIT,220.7409999370575,0.7641351899680988,14700.960775213154,3.0850154339905868e9,40.18282306038073,0.0,OPTIMAL,7.479802575175336e6,4.801354509557612e10,696329.0804962214,3.391736747339557e6,4.088065827835779e6,-3.316145866316232e7,4.804670655423928e10,59329.06935279719,3661.731217869757,59329.06935279678,3661.731217869758,3566.0154846551077,48541.96583407945,6126.324803184347,48541.96583407909,6126.324803184347,-3566.0154846551077,53935.51759343677,7001.104754159051,53935.51759343639,7001.104754159029,0.0,0.0,1000.0,1000.0,1000.0,1000.0,1000.0,1000.0,0.0,0.0,0.0,0.0,0.0,0.0,1000.0,0.0,0.0,0.0,1000.0,0.0,1000.0,35.5312178697568,1000.0,0.0,0.0,987.3248031843468,0.0,1000.0,678.1047541590506,1000.0,0.0,0.0,1000.0
5,ptdf_pos,TIME_LIMIT,220.65900015830994,0.48647266549599005,14700.960775213154,3.0850154339905853e9,40.18282306038073,0.0,OPTIMAL,4.0461577340721143e6,2.0967309121811066e10,304073.6341002516,1.8710420499859317e6,2.1751156840861826e6,-1.377163110629253e7,2.098108075291736e10,59329.06935279719,3661.731217869757,59329.06935279678,3661.731217869758,3566.0154846551077,48541.96583407945,6126.324803184347,48541.96583407909,6126.324803184347,-3566.0154846551077,53935.51759343677,7001.104754159051,53935.51759343639,7001.104754159029,0.0,0.0,1000.0,1000.0,1000.0,987.3248031843468,1000.0,0.0,1000.0,0.0,0.0,0.0,1000.0,1000.0,1000.0,0.0,1000.0,0.0,1000.0,1000.0,0.0,35.5312178697568,0.0,0.0,0.0,1000.0,0.0,0.0,678.1047541590506,0.0,1000.0,0.0,0.0
6,ptdf_neg,TIME_LIMIT,220.71199989318848,50.95217551923047,14700.960775213154,3.0850154339905825e9,40.18282306038073,0.0,OPTIMAL,5.068968055247841e6,2.0561992012095726e10,298205.2953698739,2.385381379938984e6,2.683586675308858e6,-1.4173368425573334e7,2.0576165380521297e10,59329.06935279719,3661.731217869757,59329.06935279678,3661.731217869758,3566.0154846551077,48541.96583407945,6126.324803184347,48541.96583407909,6126.324803184347,-3566.0154846551077,53935.51759343677,7001.104754159051,53935.51759343639,7001.104754159029,0.0,0.0,0.0,0.0,678.1047541590506,1000.0,0.0,1000.0,0.0,1000.0,0.0,0.0,0.0,0.0,0.0,0.0,1000.0,0.0,0.0,0.0,1000.0,0.0,1000.0,1000.0,0.0,987.3248031843468,35.5312178697568,1000.0,1000.0,1000.0,1000.0,1000.0,1000.0
7,ptdf_pos,TIME_LIMIT,220.87000012397766,0.13518792259105267,14700.960775213154,3.085015433990585e9,40.18282306038073,0.0,OPTIMAL,7.06421831110855e6,4.581143079739941e10,664395.5600600828,3.199911375524233e6,3.864306935584317e6,-3.186284674630648e7,4.584329364414571e10,59329.06935279719,3661.731217869757,59329.06935279678,3661.731217869758,3566.0154846551077,48541.96583407945,6126.324803184347,48541.96583407909,6126.324803184347,-3566.0154846551077,53935.51759343677,7001.104754159051,53935.51759343639,7001.104754159029,0.0,0.0,1000.0,0.0,1000.0,1000.0,1000.0,1000.0,0.0,1000.0,0.0,0.0,987.3248031843468,0.0,0.0,0.0,0.0,0.0,0.0,1000.0,0.0,0.0,1000.0,1000.0,0.0,1000.0,35.5312178697568,0.0,678.1047541590506,1000.0,0.0,1000.0,1000.0
8,ptdf_neg,TIME_LIMIT,220.76200008392334,1.3799963161853104,14700.960775213154,3.0850154339906106e9,40.18282306038073,0.0,OPTIMAL,1.6649101616815268e6,4.460890733526274e9,64691.24999552604,800109.4558430003,864800.7058385265,-2.805516165023163e6,4.463696249691297e9,59329.06935279719,3661.731217869757,59329.06935279678,3661.731217869758,3566.0154846551077,48541.96583407945,6126.324803184347,48541.96583407909,6126.324803184347,-3566.0154846551077,53935.51759343677,7001.104754159051,53935.51759343639,7001.104754159029,0.0,0.0,0.0,1000.0,0.0,0.0,678.1047541590506,0.0,1000.0,0.0,0.0,0.0,1000.0,1000.0,1000.0,0.0,1000.0,0.0,1000.0,987.3248031843468,1000.0,35.5312178697568,0.0,0.0,0.0,0.0,0.0,1000.0,1000.0,1000.0,1000.0,0.0,1000.0
9,ptdf_pos,TIME_LIMIT,220.6769998073578,21.677190088593147,14700.960775213154,3.085015433990609e9,40.18282306038073,0.0,OPTIMAL,2.286448033081227e6,4.940100885794373e9,71641.02260340666,1.1074035052389097e6,1.179044527842317e6,-3.129673840686649e6,4.943230559635059e9,59329.06935279719,3661.731217869757,59329.06935279678,3661.731217869758,3566.0154846551077,48541.96583407945,6126.324803184347,48541.96583407909,6126.324803184347,-3566.0154846551077,53935.51759343677,7001.104754159051,53935.51759343639,7001.104754159029,0.0,0.0,0.0,1000.0,0.0,0.0,678.1047541590506,1000.0,1000.0,0.0,0.0,0.0,987.3248031843468,1000.0,1000.0,0.0,1000.0,0.0,1000.0,0.0,1000.0,35.5312178697568,0.0,0.0,0.0,0.0,0.0,1000.0,1000.0,1000.0,1000.0,0.0,1000.0
10,ptdf_neg,TIME_LIMIT,220.6529998779297,0.04775244511890078,14700.960775213154,3.085015433990585e9,40.18282306038073,0.0,OPTIMAL,6.221930631336369e6,3.586479934557357e10,520140.59654572135,2.8508950173953227e6,3.3710356139410464e6,-2.4901816081203014e7,3.588970116165477e10,59329.06935279719,3661.731217869757,59329.06935279678,3661.731217869758,3566.0154846551077,48541.96583407945,6126.324803184347,48541.96583407909,6126.324803184347,-3566.0154846551077,53935.51759343677,7001.104754159051,53935.51759343639,7001.104754159029,0.0,0.0,1000.0,0.0,1000.0,1000.0,1000.0,0.0,0.0,1000.0,0.0,0.0,1000.0,987.3248031843468,0.0,0.0,0.0,0.0,0.0,1000.0,0.0,0.0,1000.0,1000.0,0.0,1000.0,35.5312178697568,0.0,678.1047541590506,1000.0,0.0,1000.0,1000.0
11,ptdf_pos,TIME_LIMIT,220.62199997901917,1.2323134076157591,14700.960775213154,3.0850154339905844e9,40.18282306038073,0.0,OPTIMAL,4.251155984497234e6,2.0934467685198193e10,303609.6486259421,1.9737731679356452e6,2.2773828165615886e6,-1.4598069991813213e7,2.0949065755190006e10,59329.06935279719,3661.731217869757,59329.06935279678,3661.731217869758,3566.0154846551077,48541.96583407945,6126.324803184347,48541.96583407909,6126.324803184347,-3566.0154846551077,53935.51759343677,7001.104754159051,53935.51759343639,7001.104754159029,0.0,0.0,1000.0,0.0,1000.0,0.0,1000.0,1000.0,1000.0,1000.0,0.0,0.0,0.0,0.0,0.0,0.0,0.0,0.0,0.0,1000.0,1000.0,0.0,987.3248031843468,1000.0,0.0,0.0,35.5312178697568,1000.0,678.1047541590506,1000.0,0.0,1000.0,1000.0
12,ptdf_neg,TIME_LIMIT,220.67400002479553,0.1512907597098782,14700.960775213154,3.085015433990612e9,40.18282306038073,0.0,OPTIMAL,6.562626252424449e6,3.2947017156136024e10,477823.49524913786,3.042401378587655e6,3.5202248738367944e6,-2.2804016054488152e7,3.2969821172190514e10,59329.06935279719,3661.731217869757,59329.06935279678,3661.731217869758,3566.0154846551077,48541.96583407945,6126.324803184347,48541.96583407909,6126.324803184347,-3566.0154846551077,53935.51759343677,7001.104754159051,53935.51759343639,7001.104754159029,0.0,0.0,0.0,1000.0,0.0,1000.0,678.1047541590506,0.0,0.0,0.0,0.0,0.0,1000.0,1000.0,1000.0,0.0,1000.0,0.0,1000.0,987.3248031843468,0.0,35.5312178697568,1000.0,0.0,0.0,1000.0,0.0,0.0,1000.0,1000.0,1000.0,0.0,1000.0
13,ptdf_pos,TIME_LIMIT,220.81200003623962,1.2575601464558355,14700.960775213154,3.0850154339905853e9,40.18282306038073,0.0,OPTIMAL,3.452731989780274e6,2.0288061636624477e10,294232.0956366597,1.5792499470718068e6,1.8734820427084675e6,-1.3952962305040672e7,2.030201459892952e10,59329.06935279719,3661.731217869757,59329.06935279678,3661.731217869758,3566.0154846551077,48541.96583407945,6126.324803184347,48541.96583407909,6126.324803184347,-3566.0154846551077,53935.51759343677,7001.104754159051,53935.51759343639,7001.104754159029,0.0,0.0,1000.0,0.0,1000.0,0.0,1000.0,1000.0,1000.0,1000.0,0.0,0.0,987.3248031843468,1000.0,0.0,0.0,0.0,0.0,0.0,0.0,1000.0,0.0,0.0,1000.0,0.0,0.0,35.5312178697568,1000.0,678.1047541590506,1000.0,0.0,1000.0,1000.0
14,ptdf_neg,TIME_LIMIT,220.56699991226196,0.22525403407715935,14700.960775213154,3.085015433990584e9,40.18282306038073,0.0,OPTIMAL,7.473477799177982e6,4.4374980474372765e10,643561.9533189168,3.4149579229295333e6,4.0585198762484486e6,-3.0794304632496983e7,4.4405774779005264e10,59329.06935279719,3661.731217869757,59329.06935279678,3661.731217869758,3566.0154846551077,48541.96583407945,6126.324803184347,48541.96583407909,6126.324803184347,-3566.0154846551077,53935.51759343677,7001.104754159051,53935.51759343639,7001.104754159029,0.0,0.0,0.0,1000.0,0.0,1000.0,678.1047541590506,987.3248031843468,0.0,0.0,0.0,0.0,1000.0,0.0,1000.0,0.0,1000.0,0.0,1000.0,1000.0,0.0,35.5312178697568,1000.0,0.0,0.0,1000.0,0.0,0.0,1000.0,1000.0,1000.0,0.0,1000.0
15,ptdf_pos,TIME_LIMIT,220.57200002670288,0.17801671154315898,14700.960775213154,3.085015433990585e9,40.18282306038073,0.0,OPTIMAL,4.201031831285806e6,2.2600398655892727e10,327756.46596426406,1.9366376826607708e6,2.2643941486250353e6,-1.4797495641494736e7,2.261519615153422e10,59329.06935279719,3661.731217869757,59329.06935279678,3661.731217869758,3566.0154846551077,48541.96583407945,6126.324803184347,48541.96583407909,6126.324803184347,-3566.0154846551077,53935.51759343677,7001.104754159051,53935.51759343639,7001.104754159029,0.0,0.0,1000.0,0.0,1000.0,987.3248031843468,1000.0,0.0,1000.0,1000.0,0.0,0.0,1000.0,1000.0,0.0,0.0,0.0,35.5312178697568,0.0,1000.0,0.0,0.0,0.0,1000.0,0.0,1000.0,0.0,0.0,678.1047541590506,1000.0,0.0,1000.0,1000.0
16,ptdf_neg,TIME_LIMIT,220.51899981498718,0.9100037508240935,14700.960775213154,3.085015433990585e9,40.18282306038073,0.0,OPTIMAL,5.812340322400238e6,1.998061962453084e10,289774.03586524626,2.761283143267496e6,3.051057179132742e6,-1.3788850171151131e7,1.9994408474701992e10,59329.06935279719,3661.731217869757,59329.06935279678,3661.731217869758,3566.0154846551077,48541.96583407945,6126.324803184347,48541.96583407909,6126.324803184347,-3566.0154846551077,53935.51759343677,7001.104754159051,53935.51759343639,7001.104754159029,0.0,0.0,0.0,1000.0,0.0,1000.0,678.1047541590506,1000.0,0.0,0.0,0.0,0.0,0.0,0.0,1000.0,0.0,1000.0,0.0,1000.0,0.0,1000.0,35.5312178697568,1000.0,0.0,0.0,987.3248031843468,0.0,1000.0,1000.0,1000.0,1000.0,0.0,1000.0
17,ptdf_pos,TIME_LIMIT,221.39100003242493,0.20273589233228048,14700.960775213154,3.085015433990584e9,40.18282306038073,0.0,OPTIMAL,4.1873863359204754e6,1.0565606879405928e10,153230.20938100154,2.017078063269737e6,2.1703082726507387e6,-7.2775678831790835e6,1.0572884447289106e10,59329.06935279719,3661.731217869757,59329.06935279678,3661.731217869758,3566.0154846551077,48541.96583407945,6126.324803184347,48541.96583407909,6126.324803184347,-3566.0154846551077,53935.51759343677,7001.104754159051,53935.51759343639,7001.104754159029,0.0,1000.0,0.0,0.0,0.0,987.3248031843468,678.1047541590506,0.0,1000.0,1000.0,0.0,0.0,1000.0,1000.0,35.5312178697568,0.0,1000.0,0.0,0.0,1000.0,0.0,0.0,0.0,0.0,0.0,1000.0,0.0,0.0,1000.0,1000.0,1000.0,1000.0,1000.0
18,ptdf_neg,TIME_LIMIT,220.6840000152588,1.5842125748890103,14700.960775213154,3.0850154339905844e9,40.18282306038073,0.0,OPTIMAL,6.2697660602555685e6,2.5486068687754433e10,369619.6248935501,2.9500732176810093e6,3.319692842574559e6,-1.7685429900523663e7,2.5503754117654957e10,59329.06935279719,3661.731217869757,59329.06935279678,3661.731217869758,3566.0154846551077,48541.96583407945,6126.324803184347,48541.96583407909,6126.324803184347,-3566.0154846551077,53935.51759343677,7001.104754159051,53935.51759343639,7001.104754159029,0.0,0.0,1000.0,0.0,1000.0,1000.0,1000.0,1000.0,0.0,0.0,35.5312178697568,1000.0,0.0,0.0,0.0,1000.0,0.0,0.0,0.0,0.0,1000.0,0.0,1000.0,0.0,1000.0,987.3248031843468,0.0,1000.0,678.1047541590506,1000.0,0.0,0.0,1000.0
19,ptdf_pos,TIME_LIMIT,220.5329999923706,0.7900228182499716,14700.960775213154,3.0850154339905844e9,40.18282306038073,0.0,OPTIMAL,5.532921426303048e6,2.5956304368875877e10,376440.04399705114,2.5782406911529982e6,2.954680735150049e6,-1.8058666920650586e7,2.5974363035796528e10,59329.06935279719,3661.731217869757,59329.06935279678,3661.731217869758,3566.0154846551077,48541.96583407945,6126.324803184347,48541.96583407909,6126.324803184347,-3566.0154846551077,53935.51759343677,7001.104754159051,53935.51759343639,7001.104754159029,0.0,0.0,1000.0,0.0,1000.0,1000.0,1000.0,1000.0,0.0,1000.0,0.0,0.0,0.0,0.0,0.0,0.0,0.0,35.5312178697568,0.0,0.0,1000.0,0.0,1000.0,1000.0,0.0,987.3248031843468,0.0,1000.0,678.1047541590506,1000.0,0.0,1000.0,1000.0
20,ptdf_neg,TIME_LIMIT,220.7079999446869,0.2894307084225425,14700.960775213154,3.085015433990584e9,40.18282306038073,0.0,OPTIMAL,4.235164194510982e6,1.0354905461382524e10,150171.8110277066,2.042496191741638e6,2.1926680027693445e6,-6.949499529230639e6,1.0361854960911755e10,59329.06935279719,3661.731217869757,59329.06935279678,3661.731217869758,3566.0154846551077,48541.96583407945,6126.324803184347,48541.96583407909,6126.324803184347,-3566.0154846551077,53935.51759343677,7001.104754159051,53935.51759343639,7001.104754159029,0.0,0.0,0.0,1000.0,0.0,987.3248031843468,678.1047541590506,0.0,1000.0,0.0,0.0,0.0,1000.0,1000.0,1000.0,0.0,1000.0,0.0,1000.0,1000.0,0.0,35.5312178697568,0.0,0.0,0.0,1000.0,0.0,0.0,1000.0,1000.0,1000.0,0.0,1000.0
21,ptdf_pos,TIME_LIMIT,220.55299997329712,0.26491666535870256,14700.960775213154,3.085015433990585e9,40.18282306038073,0.0,OPTIMAL,4.521870472113735e6,1.07056169059176e10,155260.7551580682,2.183304858477833e6,2.338565613635902e6,-7.375199989105791e6,1.0712992105906706e10,59329.06935279719,3661.731217869757,59329.06935279678,3661.731217869758,3566.0154846551077,48541.96583407945,6126.324803184347,48541.96583407909,6126.324803184347,-3566.0154846551077,53935.51759343677,7001.104754159051,53935.51759343639,7001.104754159029,0.0,1000.0,0.0,0.0,0.0,987.3248031843468,678.1047541590506,0.0,1000.0,1000.0,0.0,0.0,1000.0,1000.0,1000.0,0.0,1000.0,0.0,35.5312178697568,1000.0,0.0,0.0,0.0,0.0,0.0,1000.0,0.0,0.0,1000.0,1000.0,1000.0,0.0,1000.0
22,ptdf_neg,TIME_LIMIT,220.52600002288818,0.6459358583064441,14700.960775213154,3.085015433990585e9,40.18282306038073,0.0,OPTIMAL,5.650690694655067e6,2.5814426887870518e10,374383.01249226305,2.6381538410814023e6,3.012536853573665e6,-1.8000974095636338e7,2.5832427861966152e10,59329.06935279719,3661.731217869757,59329.06935279678,3661.731217869758,3566.0154846551077,48541.96583407945,6126.324803184347,48541.96583407909,6126.324803184347,-3566.0154846551077,53935.51759343677,7001.104754159051,53935.51759343639,7001.104754159029,0.0,0.0,1000.0,0.0,1000.0,1000.0,1000.0,1000.0,0.0,0.0,0.0,0.0,0.0,0.0,0.0,0.0,0.0,246.69337190151236,0.0,0.0,1000.0,0.0,1000.0,1000.0,0.0,987.3248031843468,788.8378459682444,1000.0,678.1047541590506,1000.0,0.0,1000.0,1000.0
23,ptdf_pos,TIME_LIMIT,220.45900011062622,0.87515079079121,14700.960775213154,3.0850154339905844e9,40.18282306038073,0.0,OPTIMAL,5.300256016338077e6,2.333795874162659e10,338465.5526312833,2.4808952318533976e6,2.81936078448468e6,-1.6164389931958988e7,2.3354123131558548e10,59329.06935279719,3661.731217869757,59329.06935279678,3661.731217869758,3566.0154846551077,48541.96583407945,6126.324803184347,48541.96583407909,6126.324803184347,-3566.0154846551077,53935.51759343677,7001.104754159051,53935.51759343639,7001.104754159029,0.0,0.0,1000.0,1000.0,1000.0,1000.0,1000.0,1000.0,0.0,0.0,1000.0,0.0,0.0,0.0,0.0,0.0,0.0,0.0,35.5312178697568,0.0,1000.0,1000.0,1000.0,0.0,0.0,987.3248031843468,0.0,1000.0,678.1047541590506,1000.0,0.0,0.0,1000.0
24,ptdf_neg,TIME_LIMIT,220.71900010108948,1.1852332136719614,14700.960775213154,3.085015433990583e9,40.18282306038073,0.0,OPTIMAL,3.696102577789057e6,1.062824414271433e10,154139.22652830603,1.7709816756303755e6,1.9251209021586813e6,-7.362487738784477e6,1.0635606630453115e10,59329.06935279719,3661.731217869757,59329.06935279678,3661.731217869758,3566.0154846551077,48541.96583407945,6126.324803184347,48541.96583407909,6126.324803184347,-3566.0154846551077,53935.51759343677,7001.104754159051,53935.51759343639,7001.104754159029,0.0,0.0,0.0,0.0,0.0,987.3248031843468,678.1047541590506,0.0,1000.0,0.0,0.0,1000.0,1000.0,1000.0,0.0,1000.0,1000.0,35.5312178697568,0.0,1000.0,0.0,0.0,0.0,0.0,1000.0,1000.0,0.0,0.0,1000.0,1000.0,1000.0,0.0,1000.0
25,ptdf_pos,TIME_LIMIT,220.60599994659424,1.3071136610576404,14700.960775213154,3.0850154339905844e9,40.18282306038073,0.0,OPTIMAL,5.034590797451142e6,2.1480711112808495e10,311530.54503617826,2.3615301262074816e6,2.6730606712436606e6,-1.4896494687804595e7,2.14956076074963e10,59329.06935279719,3661.731217869757,59329.06935279678,3661.731217869758,3566.0154846551077,48541.96583407945,6126.324803184347,48541.96583407909,6126.324803184347,-3566.0154846551077,53935.51759343677,7001.104754159051,53935.51759343639,7001.104754159029,0.0,0.0,1000.0,0.0,0.0,1000.0,1000.0,1000.0,0.0,1000.0,0.0,0.0,0.0,0.0,0.0,0.0,678.1047541590506,0.0,0.0,0.0,1000.0,0.0,1000.0,1000.0,0.0,987.3248031843468,35.5312178697568,1000.0,1000.0,1000.0,0.0,1000.0,1000.0
26,ptdf_neg,TIME_LIMIT,220.79900002479553,2.3972565779409076,14700.960775213154,3.085015433990583e9,40.18282306038073,0.0,OPTIMAL,3.5473336261947006e6,1.1809986509877127e10,171274.72963951444,1.688029448277593e6,1.859304177917108e6,-7.969835249368414e6,1.1817956345126495e10,59329.06935279719,3661.731217869757,59329.06935279678,3661.731217869758,3566.0154846551077,48541.96583407945,6126.324803184347,48541.96583407909,6126.324803184347,-3566.0154846551077,53935.51759343677,7001.104754159051,53935.51759343639,7001.104754159029,0.0,0.0,0.0,1000.0,1000.0,987.3248031843468,0.0,0.0,1000.0,0.0,0.0,0.0,1000.0,1000.0,1000.0,0.0,1000.0,0.0,1000.0,1000.0,0.0,35.5312178697568,0.0,0.0,0.0,1000.0,0.0,0.0,1000.0,1000.0,1000.0,0.0,678.1047541590506
27,ptdf_pos,TIME_LIMIT,220.75600004196167,1.1558794104406245,14700.960775213154,3.085015433990583e9,40.18282306038073,0.0,OPTIMAL,3.662781540938736e6,1.055262068050367e10,153042.2688949119,1.7548696360219116e6,1.9079119049168243e6,-7.2958732452515215e6,1.055991655374892e10,59329.06935279719,3661.731217869757,59329.06935279678,3661.731217869758,3566.0154846551077,48541.96583407945,6126.324803184347,48541.96583407909,6126.324803184347,-3566.0154846551077,53935.51759343677,7001.104754159051,53935.51759343639,7001.104754159029,0.0,0.0,0.0,0.0,0.0,987.3248031843468,678.1047541590506,0.0,1000.0,0.0,1000.0,1000.0,1000.0,1000.0,0.0,1000.0,1000.0,0.0,0.0,1000.0,0.0,0.0,0.0,0.0,35.5312178697568,1000.0,0.0,0.0,1000.0,1000.0,1000.0,0.0,1000.0
28,ptdf_neg,TIME_LIMIT,220.63499999046326,0.9406622004306239,14700.960775213154,3.0850154339905834e9,40.18282306038073,0.0,OPTIMAL,5.315917421928167e6,2.309903737576099e10,334998.5651974894,2.490459428365339e6,2.8254579935628283e6,-1.586362286577852e7,2.311490099862677e10,59329.06935279719,3661.731217869757,59329.06935279678,3661.731217869758,3566.0154846551077,48541.96583407945,6126.324803184347,48541.96583407909,6126.324803184347,-3566.0154846551077,53935.51759343677,7001.104754159051,53935.51759343639,7001.104754159029,0.0,0.0,1000.0,1000.0,1000.0,1000.0,1000.0,1000.0,0.0,0.0,0.0,0.0,0.0,0.0,35.5312178697568,0.0,0.0,0.0,1000.0,0.0,1000.0,1000.0,1000.0,0.0,0.0,987.3248031843468,0.0,1000.0,678.1047541590506,1000.0,0.0,0.0,1000.0
29,ptdf_pos,TIME_LIMIT,220.80700016021729,0.5622339683355477,14700.960775213154,3.085015433990583e9,40.18282306038073,0.0,OPTIMAL,3.8418545318185617e6,1.063687951117829e10,154264.4640659651,1.8437950338762978e6,1.998059497942264e6,-7.368509373303071e6,1.0644248020551592e10,59329.06935279719,3661.731217869757,59329.06935279678,3661.731217869758,3566.0154846551077,48541.96583407945,6126.324803184347,48541.96583407909,6126.324803184347,-3566.0154846551077,53935.51759343677,7001.104754159051,53935.51759343639,7001.104754159029,0.0,0.0,0.0,0.0,0.0,987.3248031843468,678.1047541590506,0.0,1000.0,0.0,0.0,1000.0,1000.0,1000.0,0.0,0.0,1000.0,35.5312178697568,0.0,1000.0,0.0,0.0,0.0,0.0,1000.0,1000.0,1000.0,0.0,1000.0,1000.0,1000.0,0.0,1000.0
30,ptdf_neg,TIME_LIMIT,221.0130000114441,0.7663009808886719,14700.960775213154,3.0850154339905853e9,40.18282306038073,0.0,OPTIMAL,6.196323360698614e6,2.402143453908964e10,348378.0151180294,2.9239726727902917e6,3.272350687908323e6,-1.664850405438742e7,2.4038083043144028e10,59329.06935279719,3661.731217869757,59329.06935279678,3661.731217869758,3566.0154846551077,48541.96583407945,6126.324803184347,48541.96583407909,6126.324803184347,-3566.0154846551077,53935.51759343677,7001.104754159051,53935.51759343639,7001.104754159029,0.0,0.0,1000.0,35.5312178697568,1000.0,1000.0,1000.0,1000.0,0.0,0.0,1000.0,0.0,0.0,0.0,0.0,1000.0,0.0,0.0,0.0,0.0,1000.0,1000.0,1000.0,0.0,0.0,987.3248031843468,0.0,1000.0,678.1047541590506,1000.0,0.0,0.0,1000.0
31,ptdf_pos,TIME_LIMIT,220.6560001373291,0.4959757448558134,14700.960775213154,3.085015433990585e9,40.18282306038073,0.0,OPTIMAL,6.387644175695056e6,2.4819457114817574e10,359952.2297062411,3.013845972994408e6,3.3737982027006485e6,-1.724673491306439e7,2.4836703849730637e10,59329.06935279719,3661.731217869757,59329.06935279678,3661.731217869758,3566.0154846551077,48541.96583407945,6126.324803184347,48541.96583407909,6126.324803184347,-3566.0154846551077,53935.51759343677,7001.104754159051,53935.51759343639,7001.104754159029,0.0,0.0,1000.0,0.0,1000.0,1000.0,1000.0,1000.0,0.0,0.0,1000.0,1000.0,0.0,0.0,0.0,1000.0,0.0,0.0,0.0,0.0,1000.0,35.5312178697568,1000.0,0.0,0.0,987.3248031843468,0.0,1000.0,678.1047541590506,1000.0,0.0,0.0,1000.0
32,ptdf_neg,TIME_LIMIT,220.606999874115,0.3152989719769397,14700.960775213154,3.0850154339905825e9,40.18282306038073,0.0,OPTIMAL,4.0021878331219032e6,1.0642027013878103e10,154339.11757564553,1.9239243577731291e6,2.0782634753487743e6,-7.3720988414387405e6,1.0649399112719542e10,59329.06935279719,3661.731217869757,59329.06935279678,3661.731217869758,3566.0154846551077,48541.96583407945,6126.324803184347,48541.96583407909,6126.324803184347,-3566.0154846551077,53935.51759343677,7001.104754159051,53935.51759343639,7001.104754159029,0.0,0.0,0.0,0.0,0.0,987.3248031843468,678.1047541590506,0.0,1000.0,0.0,0.0,0.0,1000.0,1000.0,0.0,0.0,1000.0,1000.0,0.0,1000.0,0.0,0.0,0.0,35.5312178697568,1000.0,1000.0,1000.0,0.0,1000.0,1000.0,1000.0,0.0,1000.0
33,ptdf_pos,TIME_LIMIT,220.5349998474121,0.06627240286967609,14700.960775213154,3.085015433990584e9,40.18282306038073,0.0,OPTIMAL,7.473477799177982e6,4.4374980474372765e10,643561.9533189168,3.4149579229295333e6,4.0585198762484486e6,-3.0794304632496983e7,4.4405774779005264e10,59329.06935279719,3661.731217869757,59329.06935279678,3661.731217869758,3566.0154846551077,48541.96583407945,6126.324803184347,48541.96583407909,6126.324803184347,-3566.0154846551077,53935.51759343677,7001.104754159051,53935.51759343639,7001.104754159029,0.0,0.0,0.0,1000.0,0.0,1000.0,678.1047541590506,987.3248031843468,0.0,0.0,0.0,0.0,1000.0,0.0,1000.0,0.0,1000.0,0.0,1000.0,1000.0,0.0,35.5312178697568,1000.0,0.0,0.0,1000.0,0.0,0.0,1000.0,1000.0,1000.0,0.0,1000.0
34,ptdf_neg,TIME_LIMIT,220.62399983406067,5.016238689926085,14700.960775213154,3.085015433990584e9,40.18282306038073,0.0,OPTIMAL,3.23829605220215e6,2.0308147704683376e10,294523.4010644997,1.4718863255688252e6,1.766409726633325e6,-1.3966968767100856e7,2.0322114673450478e10,59329.06935279719,3661.731217869757,59329.06935279678,3661.731217869758,3566.0154846551077,48541.96583407945,6126.324803184347,48541.96583407909,6126.324803184347,-3566.0154846551077,53935.51759343677,7001.104754159051,53935.51759343639,7001.104754159029,0.0,0.0,1000.0,0.0,1000.0,0.0,1000.0,1000.0,1000.0,1000.0,0.0,0.0,0.0,1000.0,0.0,0.0,0.0,35.5312178697568,0.0,987.3248031843468,1000.0,0.0,0.0,1000.0,0.0,0.0,0.0,1000.0,678.1047541590506,1000.0,0.0,1000.0,1000.0
35,ptdf_pos,TIME_LIMIT,220.7739999294281,0.19867977788819888,14700.960775213154,3.0850154339905844e9,40.18282306038073,0.0,OPTIMAL,3.4492799503688123e6,2.028034183924509e10,294120.13649802457,1.5775799069353936e6,1.8717000434334185e6,-1.3947579118605718e7,2.0294289418363697e10,59329.06935279719,3661.731217869757,59329.06935279678,3661.731217869758,3566.0154846551077,48541.96583407945,6126.324803184347,48541.96583407909,6126.324803184347,-3566.0154846551077,53935.51759343677,7001.104754159051,53935.51759343639,7001.104754159029,0.0,0.0,1000.0,0.0,1000.0,0.0,1000.0,987.3248031843468,1000.0,1000.0,0.0,0.0,1000.0,1000.0,0.0,0.0,0.0,0.0,0.0,0.0,1000.0,0.0,0.0,1000.0,0.0,0.0,35.5312178697568,1000.0,678.1047541590506,1000.0,0.0,1000.0,1000.0
36,ptdf_neg,TIME_LIMIT,220.7079999446869,0.032800054334725,14700.960775213154,3.085015433990584e9,40.18282306038073,0.0,OPTIMAL,8.215229776856719e6,5.2966354753356766e10,768161.4526161466,3.723534162120285e6,4.491695614736434e6,-3.678547715735933e7,5.300314023051412e10,59329.06935279719,3661.731217869757,59329.06935279678,3661.731217869758,3566.0154846551077,48541.96583407945,6126.324803184347,48541.96583407909,6126.324803184347,-3566.0154846551077,53935.51759343677,7001.104754159051,53935.51759343639,7001.104754159029,0.0,0.0,0.0,1000.0,0.0,1000.0,678.1047541590506,1000.0,0.0,0.0,0.0,0.0,0.0,0.0,1000.0,0.0,1000.0,0.0,1000.0,1000.0,987.3248031843468,35.5312178697568,1000.0,0.0,0.0,1000.0,0.0,0.0,1000.0,1000.0,1000.0,0.0,1000.0
37,ptdf_pos,TIME_LIMIT,220.82999992370605,1.4989925016166208,14700.960775213154,3.0850154339905844e9,40.18282306038073,0.0,OPTIMAL,3.4492799503688123e6,2.028034183924509e10,294120.13649802457,1.5775799069353936e6,1.8717000434334185e6,-1.3947579118605718e7,2.0294289418363697e10,59329.06935279719,3661.731217869757,59329.06935279678,3661.731217869758,3566.0154846551077,48541.96583407945,6126.324803184347,48541.96583407909,6126.324803184347,-3566.0154846551077,53935.51759343677,7001.104754159051,53935.51759343639,7001.104754159029,0.0,0.0,1000.0,0.0,1000.0,0.0,1000.0,987.3248031843468,1000.0,1000.0,0.0,0.0,1000.0,1000.0,0.0,0.0,0.0,0.0,0.0,0.0,1000.0,0.0,0.0,1000.0,0.0,0.0,35.5312178697568,1000.0,678.1047541590506,1000.0,0.0,1000.0,1000.0
38,ptdf_neg,TIME_LIMIT,220.68200016021729,0.0713748384969032,14700.960775213154,3.085015433990584e9,40.18282306038073,0.0,OPTIMAL,8.215229776856719e6,5.2966354753356766e10,768161.4526161466,3.723534162120285e6,4.491695614736434e6,-3.678547715735933e7,5.300314023051412e10,59329.06935279719,3661.731217869757,59329.06935279678,3661.731217869758,3566.0154846551077,48541.96583407945,6126.324803184347,48541.96583407909,6126.324803184347,-3566.0154846551077,53935.51759343677,7001.104754159051,53935.51759343639,7001.104754159029,0.0,0.0,0.0,1000.0,0.0,1000.0,678.1047541590506,1000.0,0.0,0.0,0.0,0.0,0.0,0.0,1000.0,0.0,1000.0,0.0,1000.0,1000.0,987.3248031843468,35.5312178697568,1000.0,0.0,0.0,1000.0,0.0,0.0,1000.0,1000.0,1000.0,0.0,1000.0
39,ptdf_pos,TIME_LIMIT,220.5199999809265,0.44559227249145045,14700.960775213154,3.085015433990585e9,40.18282306038073,0.0,OPTIMAL,7.364518111259781e6,5.848227901701877e10,848160.2900156676,3.2581789106220575e6,4.106339200637724e6,-4.0780994062297255e7,5.852306001108106e10,59329.06935279719,3661.731217869757,59329.06935279678,3661.731217869758,3566.0154846551077,48541.96583407945,6126.324803184347,48541.96583407909,6126.324803184347,-3566.0154846551077,53935.51759343677,7001.104754159051,53935.51759343639,7001.104754159029,0.0,0.0,1000.0,0.0,1000.0,1000.0,1000.0,1000.0,0.0,1000.0,0.0,0.0,0.0,0.0,1000.0,0.0,0.0,0.0,0.0,0.0,1000.0,0.0,1000.0,35.5312178697568,0.0,987.3248031843468,0.0,1000.0,678.1047541590506,1000.0,0.0,1000.0,1000.0
40,ptdf_neg,TIME_LIMIT,220.70000004768372,0.8219682893365361,14700.960775213154,3.0850154339905853e9,40.18282306038073,0.0,OPTIMAL,4.279436363161075e6,1.0343967699428772e10,150010.66354107953,2.0647128498099975e6,2.214723513351077e6,-6.768084905715361e6,1.0350735784334488e10,59329.06935279719,3661.731217869757,59329.06935279678,3661.731217869758,3566.0154846551077,48541.96583407945,6126.324803184347,48541.96583407909,6126.324803184347,-3566.0154846551077,53935.51759343677,7001.104754159051,53935.51759343639,7001.104754159029,0.0,35.5312178697568,0.0,1000.0,0.0,987.3248031843468,678.1047541590506,0.0,1000.0,0.0,0.0,0.0,1000.0,1000.0,0.0,0.0,1000.0,0.0,1000.0,1000.0,0.0,1000.0,0.0,0.0,0.0,1000.0,0.0,0.0,1000.0,1000.0,1000.0,0.0,1000.0
41,ptdf_pos,TIME_LIMIT,220.7920000553131,0.8462574242384318,14700.960775213154,3.085015433990584e9,40.18282306038073,0.0,OPTIMAL,4.235164194510982e6,1.0354905461382524e10,150171.8110277066,2.042496191741638e6,2.1926680027693445e6,-6.949499529230639e6,1.0361854960911755e10,59329.06935279719,3661.731217869757,59329.06935279678,3661.731217869758,3566.0154846551077,48541.96583407945,6126.324803184347,48541.96583407909,6126.324803184347,-3566.0154846551077,53935.51759343677,7001.104754159051,53935.51759343639,7001.104754159029,0.0,0.0,0.0,1000.0,0.0,987.3248031843468,678.1047541590506,0.0,1000.0,0.0,0.0,0.0,1000.0,1000.0,1000.0,0.0,1000.0,0.0,1000.0,1000.0,0.0,35.5312178697568,0.0,0.0,0.0,1000.0,0.0,0.0,1000.0,1000.0,1000.0,0.0,1000.0
42,ptdf_neg,TIME_LIMIT,220.70000004768372,0.4878218295226212,14700.960775213154,3.085015433990587e9,40.18282306038073,0.0,OPTIMAL,1.08339071732326e7,2.595626315611601e10,376440.04399705154,5.2287335646177735e6,5.605173608614826e6,-1.8099879680547744e7,2.597436303579656e10,59329.06935279719,3661.731217869757,59329.06935279678,3661.731217869758,3566.0154846551077,48541.96583407945,6126.324803184347,48541.96583407909,6126.324803184347,-3566.0154846551077,53935.51759343677,7001.104754159051,53935.51759343639,7001.104754159029,0.0,0.0,1000.0,0.0,1000.0,1000.0,1000.0,1000.0,0.0,1000.0,0.0,0.0,0.0,0.0,0.0,0.0,0.0,0.0,0.0,0.0,1000.0,0.0,1000.0,1000.0,0.0,987.3248031843468,35.5312178697568,1000.0,678.1047541590506,1000.0,0.0,1000.0,1000.0
43,ptdf_pos,TIME_LIMIT,220.64400005340576,1.0549552351456157,14700.960775213154,3.0850154339905853e9,40.18282306038073,0.0,OPTIMAL,5.272777985077772e6,2.235800418633715e10,324253.25263593096,2.474262366220921e6,2.798515618856852e6,-1.5470245542085096e7,2.2373474431879234e10,59329.06935279719,3661.731217869757,59329.06935279678,3661.731217869758,3566.0154846551077,48541.96583407945,6126.324803184347,48541.96583407909,6126.324803184347,-3566.0154846551077,53935.51759343677,7001.104754159051,53935.51759343639,7001.104754159029,0.0,0.0,1000.0,0.0,1000.0,1000.0,1000.0,1000.0,0.0,1000.0,0.0,0.0,0.0,0.0,0.0,0.0,1000.0,0.0,0.0,0.0,1000.0,0.0,1000.0,1000.0,0.0,987.3248031843468,35.5312178697568,1000.0,0.0,0.0,1000.0,1000.0,678.1047541590506
44,ptdf_neg,TIME_LIMIT,220.70000004768372,0.17941938184467907,14700.960775213154,3.085015433990584e9,40.18282306038073,0.0,OPTIMAL,4.927891657163143e6,3.5603394813303635e10,516343.8897916538,2.205773883685745e6,2.7221177734773983e6,-2.43335823204758e7,3.562772839562411e10,59329.06935279719,3661.731217869757,59329.06935279678,3661.731217869758,3566.0154846551077,48541.96583407945,6126.324803184347,48541.96583407909,6126.324803184347,-3566.0154846551077,53935.51759343677,7001.104754159051,53935.51759343639,7001.104754159029,0.0,0.0,1000.0,1000.0,678.1047541590506,987.3248031843468,1000.0,0.0,1000.0,0.0,0.0,0.0,1000.0,1000.0,1000.0,0.0,0.0,0.0,1000.0,1000.0,0.0,35.5312178697568,0.0,0.0,0.0,1000.0,0.0,0.0,1000.0,1000.0,0.0,0.0,1000.0
45,ptdf_pos,OPTIMAL,4.116000175476074,0.0,14700.960775213156,3.085015433990571e9,40.18282306038073,0.0,OPTIMAL,3.9597266116810255e6,1.3468802917230148e10,195336.1596102894,1.8821952260353675e6,2.0775313856456582e6,-9.392095879821807e6,1.347819501310997e10,59329.06935279719,3661.731217869757,59329.06935279678,3661.731217869758,3566.0154846551077,48541.96583407945,6126.324803184347,48541.96583407909,6126.324803184347,-3566.0154846551077,53935.51759343677,7001.104754159051,53935.51759343639,7001.104754159029,0.0,195.00006408425892,962.8848927109842,196.2341423183982,728.700550219571,622.5962928958614,650.3886033516427,467.82999212547463,212.52994059443927,154.3800608226693,168.32293183317535,208.17946352125037,653.9111442926707,536.3937187316602,242.15735926822475,264.2807957821959,704.300759240644,228.21321996075088,250.27852620802048,541.0398150835458,960.6375358193663,226.57616667278793,754.2130789327358,222.34750521119273,232.34793233368646,604.1660616573316,230.1969905307932,634.0072230512613,807.924884627315,823.9050640088934,0.0,217.01605932235242,1000.0
46,ptdf_neg,OPTIMAL,3.484999895095825,0.0,14700.960775213156,3.08501543399057e9,40.18282306038073,0.0,OPTIMAL,6.077558551907718e6,8.950083713577602e9,129800.18708591565,2.9738791824109014e6,3.1036793694968172e6,-6.129195350576311e6,8.956212908928179e9,59329.06935279719,3661.731217869757,59329.06935279678,3661.731217869758,3566.0154846551077,48541.96583407945,6126.324803184347,48541.96583407909,6126.324803184347,-3566.0154846551077,53935.51759343677,7001.104754159051,53935.51759343639,7001.104754159029,0.0,158.44031799454967,460.95162977972575,146.5160756002702,1000.0,453.53123184169823,605.1377191862932,505.47808381079545,555.4607848424241,228.81971780195937,176.43854198379967,232.2569689905386,565.30551291845,554.7570784447015,234.49577771772584,217.12386208128902,1000.0,264.7729660504601,254.35784530743058,648.0088061708122,760.9630526214328,258.10116158690056,728.3956220608183,204.16027470553792,211.2086045236132,609.9146880892233,230.1263303441517,605.5099423839914,29.04633464833762,803.143991868787,1000.0,218.71277318153028,779.825078675907
47,ptdf_pos,TIME_LIMIT,220.48799991607666,0.9006767657725877,14700.960775213154,3.0850154339905853e9,40.18282306038073,0.0,OPTIMAL,3.647271805798809e6,1.469629531678809e10,213123.12454514392,1.7170743406268326e6,1.9301974651719765e6,-9.2002768268404e6,1.4705495593614931e10,59329.06935279719,3661.731217869757,59329.06935279678,3661.731217869758,3566.0154846551077,48541.96583407945,6126.324803184347,48541.96583407909,6126.324803184347,-3566.0154846551077,53935.51759343677,7001.104754159051,53935.51759343639,7001.104754159029,0.0,0.0,1000.0,1000.0,1000.0,987.3248031843468,0.0,0.0,1000.0,0.0,0.0,0.0,1000.0,1000.0,1000.0,0.0,1000.0,0.0,1000.0,1000.0,0.0,35.5312178697568,0.0,0.0,0.0,1000.0,0.0,0.0,1000.0,678.1047541590506,1000.0,0.0,0.0
48,ptdf_neg,TIME_LIMIT,220.56700015068054,2.0982749648013166,14700.960775213154,3.085015433990584e9,40.18282306038073,0.0,OPTIMAL,5.319338502403231e6,2.054988670405177e10,298029.7337851706,2.51065438430903e6,2.8086841180942007e6,-1.4164927124998823e7,2.056405163117677e10,59329.06935279719,3661.731217869757,59329.06935279678,3661.731217869758,3566.0154846551077,48541.96583407945,6126.324803184347,48541.96583407909,6126.324803184347,-3566.0154846551077,53935.51759343677,7001.104754159051,53935.51759343639,7001.104754159029,0.0,0.0,0.0,0.0,0.0,1000.0,1000.0,1000.0,0.0,1000.0,0.0,0.0,0.0,0.0,0.0,0.0,678.1047541590506,0.0,0.0,0.0,1000.0,0.0,1000.0,1000.0,0.0,987.3248031843468,35.5312178697568,1000.0,1000.0,1000.0,1000.0,1000.0,1000.0
49,ptdf_pos,TIME_LIMIT,220.81500005722046,0.4890750922016237,14700.960775213154,3.085015433990585e9,40.18282306038073,0.0,OPTIMAL,6.474257350621227e6,2.5626392042136204e10,371654.87647616246,3.051301237072532e6,3.4229561135486946e6,-1.779443471900478e7,2.564418647685521e10,59329.06935279719,3661.731217869757,59329.06935279678,3661.731217869758,3566.0154846551077,48541.96583407945,6126.324803184347,48541.96583407909,6126.324803184347,-3566.0154846551077,53935.51759343677,7001.104754159051,53935.51759343639,7001.104754159029,0.0,0.0,1000.0,0.0,1000.0,1000.0,1000.0,1000.0,0.0,0.0,0.0,35.5312178697568,0.0,0.0,0.0,0.0,0.0,1000.0,0.0,0.0,1000.0,0.0,1000.0,0.0,1000.0,987.3248031843468,1000.0,1000.0,678.1047541590506,1000.0,0.0,0.0,1000.0
50,ptdf_neg,TIME_LIMIT,220.35300016403198,0.04304598851899482,14700.960775213154,3.085015433990586e9,40.18282306038073,0.0,OPTIMAL,4.176131365009136e6,1.0675995386160305e10,154830.98827664426,2.010650188366246e6,2.16548117664289e6,-7.342804928147331e6,1.0683338191088453e10,59329.06935279719,3661.731217869757,59329.06935279678,3661.731217869758,3566.0154846551077,48541.96583407945,6126.324803184347,48541.96583407909,6126.324803184347,-3566.0154846551077,53935.51759343677,7001.104754159051,53935.51759343639,7001.104754159029,0.0,35.5312178697568,0.0,0.0,0.0,987.3248031843468,678.1047541590506,0.0,1000.0,1000.0,0.0,0.0,1000.0,1000.0,0.0,0.0,1000.0,0.0,0.0,1000.0,0.0,0.0,0.0,1000.0,0.0,1000.0,0.0,0.0,1000.0,1000.0,1000.0,1000.0,1000.0
51,ptdf_pos,TIME_LIMIT,220.61899995803833,0.12476514770363534,14700.960775213154,3.085015433990583e9,40.18282306038073,0.0,OPTIMAL,3.9901661531848293e6,1.0650688331828543e10,154464.73145506746,1.9178507108648806e6,2.072315442319949e6,-7.378138571111515e6,1.0658066470399654e10,59329.06935279719,3661.731217869757,59329.06935279678,3661.731217869758,3566.0154846551077,48541.96583407945,6126.324803184347,48541.96583407909,6126.324803184347,-3566.0154846551077,53935.51759343677,7001.104754159051,53935.51759343639,7001.104754159029,0.0,0.0,0.0,0.0,0.0,987.3248031843468,678.1047541590506,0.0,1000.0,0.0,0.0,0.0,1000.0,1000.0,0.0,0.0,1000.0,1000.0,0.0,1000.0,0.0,0.0,0.0,1000.0,0.0,1000.0,1000.0,0.0,1000.0,1000.0,1000.0,35.5312178697568,1000.0
52,ptdf_neg,TIME_LIMIT,220.68799996376038,0.39055445574901754,14700.960775213154,3.0850154339905844e9,40.18282306038073,0.0,OPTIMAL,6.2697660602555685e6,2.5486068687754433e10,369619.6248935501,2.9500732176810093e6,3.319692842574559e6,-1.7685429900523663e7,2.5503754117654957e10,59329.06935279719,3661.731217869757,59329.06935279678,3661.731217869758,3566.0154846551077,48541.96583407945,6126.324803184347,48541.96583407909,6126.324803184347,-3566.0154846551077,53935.51759343677,7001.104754159051,53935.51759343639,7001.104754159029,0.0,0.0,1000.0,0.0,1000.0,1000.0,1000.0,1000.0,0.0,0.0,35.5312178697568,1000.0,0.0,0.0,0.0,1000.0,0.0,0.0,0.0,0.0,1000.0,0.0,1000.0,0.0,1000.0,987.3248031843468,0.0,1000.0,678.1047541590506,1000.0,0.0,0.0,1000.0
53,ptdf_pos,OPTIMAL,4.148999929428101,0.0,14700.960775213154,3.0850154339905825e9,40.18282306038073,0.0,OPTIMAL,1.6044297642361836e6,1.1560322542535124e10,167657.73641444283,718386.0139108702,886043.7503253134,-8.061270061431974e6,1.1568383812596556e10,59329.06935279719,3661.731217869757,59329.06935279678,3661.731217869758,3566.0154846551077,48541.96583407945,6126.324803184347,48541.96583407909,6126.324803184347,-3566.0154846551077,53935.51759343677,7001.104754159051,53935.51759343639,7001.104754159029,0.0,197.0372139022125,2.1981976562490217,195.1738351389733,1000.0,622.5962928958627,303.2649286622533,202.5550131517325,45.23752720953917,284.17704278484445,268.4694381612324,218.39821147217293,210.07874885916567,570.1360946830084,206.21987199233143,234.8191452702117,1000.0,226.1760701427973,240.35384986024488,1000.0,800.55291704907,232.8218889267959,672.1458089090934,237.71930777359194,248.61029327937388,942.9101150100253,0.0,921.1122854168505,1000.0,1000.0,659.7469072254207,245.55504916497432,712.8947206151275
54,ptdf_neg,OPTIMAL,3.4779999256134033,0.0,14700.960775213154,3.08501543399057e9,40.18282306038073,0.0,OPTIMAL,4.274464701755814e6,5.4429732432398815e9,78938.67752982763,2.097763012112993e6,2.176701689642821e6,-3.795506318224475e6,5.446768749558106e9,59329.06935279719,3661.731217869757,59329.06935279678,3661.731217869758,3566.0154846551077,48541.96583407945,6126.324803184347,48541.96583407909,6126.324803184347,-3566.0154846551077,53935.51759343677,7001.104754159051,53935.51759343639,7001.104754159029,0.0,152.56400362319482,737.7704332679355,166.14522407722268,593.9383441540235,506.68669377753395,654.0290460238025,628.4106861482262,679.0939638553051,158.4611392538642,144.12360489917512,139.5882776232752,742.8355691858452,624.0349226668022,143.57789812490626,161.83737764171417,710.3893802574999,171.45818895460457,88.34966204306659,614.1624591574285,522.58765693775,158.76037951912986,494.0497986547374,156.25004505266497,214.1802031870061,353.5297272556485,1000.0,821.9333255450701,525.9455584014431,784.6028846818863,824.6238781662933,180.2352138699324,846.8052292061666
55,ptdf_pos,TIME_LIMIT,220.7699999809265,0.1994895641377218,14700.960775213154,3.0850154339905844e9,40.18282306038073,0.0,OPTIMAL,7.304237950596951e6,5.607613894089913e10,813263.7802676046,3.245487085164673e6,4.0587508654322773e6,-3.906189756558803e7,5.611520083846472e10,59329.06935279719,3661.731217869757,59329.06935279678,3661.731217869758,3566.0154846551077,48541.96583407945,6126.324803184347,48541.96583407909,6126.324803184347,-3566.0154846551077,53935.51759343677,7001.104754159051,53935.51759343639,7001.104754159029,0.0,0.0,1000.0,0.0,1000.0,1000.0,1000.0,1000.0,0.0,1000.0,0.0,0.0,0.0,0.0,0.0,0.0,0.0,0.0,0.0,987.3248031843468,1000.0,0.0,1000.0,1000.0,0.0,1000.0,35.5312178697568,0.0,678.1047541590506,1000.0,0.0,1000.0,1000.0
56,ptdf_neg,TIME_LIMIT,220.65100002288818,0.973348017840997,14700.960775213154,3.0850154339905844e9,40.18282306038073,0.0,OPTIMAL,1.4846794019390796e6,4.494968260201031e9,65187.666863995895,709745.8675375417,774933.5344015381,-2.9807534146865383e6,4.497949013615717e9,59329.06935279719,3661.731217869757,59329.06935279678,3661.731217869758,3566.0154846551077,48541.96583407945,6126.324803184347,48541.96583407909,6126.324803184347,-3566.0154846551077,53935.51759343677,7001.104754159051,53935.51759343639,7001.104754159029,0.0,0.0,0.0,1000.0,0.0,0.0,678.1047541590506,0.0,1000.0,0.0,0.0,0.0,1000.0,1000.0,1000.0,0.0,1000.0,0.0,1000.0,1000.0,0.0,35.5312178697568,0.0,0.0,0.0,987.3248031843468,0.0,1000.0,1000.0,1000.0,1000.0,0.0,1000.0
57,ptdf_pos,OPTIMAL,3.4029998779296875,0.0,14700.960775213152,3.0850154339905643e9,40.18282306038073,0.0,OPTIMAL,466451.41949448077,9.335727747940754e9,135394.75012416122,165528.33468515973,300923.08480932104,-6.510010626368806e6,9.342237758567123e9,59329.06935279719,3661.731217869757,59329.06935279678,3661.731217869758,3566.0154846551077,48541.96583407945,6126.324803184347,48541.96583407909,6126.324803184347,-3566.0154846551077,53935.51759343677,7001.104754159051,53935.51759343639,7001.104754159029,0.0,205.07674172094463,354.4956826539234,193.15249932666495,415.5278786054545,622.5962928958626,540.7993871456376,412.55498475871616,514.4514265229757,218.65827766939907,230.37879312582947,197.65694362983865,360.54619682907276,490.33504091332634,218.93850665071773,193.1218984796527,1000.0,218.13654232406518,219.10003396486277,788.3460847288103,588.8990017778783,227.02200892751398,854.5406756371069,214.24025288395922,225.54870333935457,704.4936583617039,241.93582727768933,650.5614407588939,1000.0,823.7476283671675,656.6642962898176,232.56418854926454,886.8698810970494
58,ptdf_neg,OPTIMAL,3.0500001907348633,0.0,14700.960775213152,3.0850154339905643e9,40.18282306038073,0.0,OPTIMAL,466451.41949448077,9.335727747940754e9,135394.75012416122,165528.33468515973,300923.08480932104,-6.510010626368806e6,9.342237758567123e9,59329.06935279719,3661.731217869757,59329.06935279678,3661.731217869758,3566.0154846551077,48541.96583407945,6126.324803184347,48541.96583407909,6126.324803184347,-3566.0154846551077,53935.51759343677,7001.104754159051,53935.51759343639,7001.104754159029,0.0,205.07674172094463,354.4956826539234,193.15249932666495,415.5278786054545,622.5962928958626,540.7993871456376,412.55498475871616,514.4514265229757,218.65827766939907,230.37879312582947,197.65694362983865,360.54619682907276,490.33504091332634,218.93850665071773,193.1218984796527,1000.0,218.13654232406518,219.10003396486277,788.3460847288103,588.8990017778783,227.02200892751398,854.5406756371069,214.24025288395922,225.54870333935457,704.4936583617039,241.93582727768933,650.5614407588939,1000.0,823.7476283671675,656.6642962898176,232.56418854926454,886.8698810970494
59,ptdf_pos,OPTIMAL,2.81499981880188,0.0,14700.960775213152,3.0850154339905643e9,40.18282306038073,0.0,OPTIMAL,466451.41949448077,9.335727747940754e9,135394.75012416122,165528.33468515973,300923.08480932104,-6.510010626368806e6,9.342237758567123e9,59329.06935279719,3661.731217869757,59329.06935279678,3661.731217869758,3566.0154846551077,48541.96583407945,6126.324803184347,48541.96583407909,6126.324803184347,-3566.0154846551077,53935.51759343677,7001.104754159051,53935.51759343639,7001.104754159029,0.0,205.07674172094463,354.4956826539234,193.15249932666495,415.5278786054545,622.5962928958626,540.7993871456376,412.55498475871616,514.4514265229757,218.65827766939907,230.37879312582947,197.65694362983865,360.54619682907276,490.33504091332634,218.93850665071773,193.1218984796527,1000.0,218.13654232406518,219.10003396486277,788.3460847288103,588.8990017778783,227.02200892751398,854.5406756371069,214.24025288395922,225.54870333935457,704.4936583617039,241.93582727768933,650.5614407588939,1000.0,823.7476283671675,656.6642962898176,232.56418854926454,886.8698810970494
60,ptdf_neg,OPTIMAL,3.7200000286102295,0.0,14700.960775213152,3.0850154339905643e9,40.18282306038073,0.0,OPTIMAL,466451.41949448077,9.335727747940754e9,135394.75012416122,165528.33468515973,300923.08480932104,-6.510010626368806e6,9.342237758567123e9,59329.06935279719,3661.731217869757,59329.06935279678,3661.731217869758,3566.0154846551077,48541.96583407945,6126.324803184347,48541.96583407909,6126.324803184347,-3566.0154846551077,53935.51759343677,7001.104754159051,53935.51759343639,7001.104754159029,0.0,205.07674172094463,354.4956826539234,193.15249932666495,415.5278786054545,622.5962928958626,540.7993871456376,412.55498475871616,514.4514265229757,218.65827766939907,230.37879312582947,197.65694362983865,360.54619682907276,490.33504091332634,218.93850665071773,193.1218984796527,1000.0,218.13654232406518,219.10003396486277,788.3460847288103,588.8990017778783,227.02200892751398,854.5406756371069,214.24025288395922,225.54870333935457,704.4936583617039,241.93582727768933,650.5614407588939,1000.0,823.7476283671675,656.6642962898176,232.56418854926454,886.8698810970494
61,ptdf_pos,TIME_LIMIT,220.6100001335144,0.5805037244103864,14700.960775213154,3.085015433990584e9,40.18282306038073,0.0,OPTIMAL,6.674879710362139e6,2.5700315413360405e10,372726.9727641599,3.1510763687989903e6,3.523803341563149e6,-1.7845707366626948e7,2.571816112072703e10,59329.06935279719,3661.731217869757,59329.06935279678,3661.731217869758,3566.0154846551077,48541.96583407945,6126.324803184347,48541.96583407909,6126.324803184347,-3566.0154846551077,53935.51759343677,7001.104754159051,53935.51759343639,7001.104754159029,0.0,0.0,1000.0,0.0,1000.0,1000.0,1000.0,1000.0,0.0,0.0,0.0,0.0,0.0,0.0,0.0,0.0,0.0,1000.0,0.0,0.0,1000.0,0.0,1000.0,1000.0,35.5312178697568,987.3248031843468,1000.0,1000.0,678.1047541590506,1000.0,0.0,0.0,1000.0
62,ptdf_neg,TIME_LIMIT,220.625,0.08999287145896046,14700.960775213154,3.085015433990584e9,40.18282306038073,0.0,OPTIMAL,4.1873863359204754e6,1.0565606879405928e10,153230.20938100154,2.017078063269737e6,2.1703082726507387e6,-7.2775678831790835e6,1.0572884447289106e10,59329.06935279719,3661.731217869757,59329.06935279678,3661.731217869758,3566.0154846551077,48541.96583407945,6126.324803184347,48541.96583407909,6126.324803184347,-3566.0154846551077,53935.51759343677,7001.104754159051,53935.51759343639,7001.104754159029,0.0,1000.0,0.0,0.0,0.0,987.3248031843468,678.1047541590506,0.0,1000.0,1000.0,0.0,0.0,1000.0,1000.0,35.5312178697568,0.0,1000.0,0.0,0.0,1000.0,0.0,0.0,0.0,0.0,0.0,1000.0,0.0,0.0,1000.0,1000.0,1000.0,1000.0,1000.0
63,ptdf_pos,OPTIMAL,3.1629998683929443,0.0,14700.960775213152,3.0850154339905643e9,40.18282306038073,0.0,OPTIMAL,466451.41949448077,9.335727747940754e9,135394.75012416122,165528.33468515973,300923.08480932104,-6.510010626368806e6,9.342237758567123e9,59329.06935279719,3661.731217869757,59329.06935279678,3661.731217869758,3566.0154846551077,48541.96583407945,6126.324803184347,48541.96583407909,6126.324803184347,-3566.0154846551077,53935.51759343677,7001.104754159051,53935.51759343639,7001.104754159029,0.0,205.07674172094463,354.4956826539234,193.15249932666495,415.5278786054545,622.5962928958626,540.7993871456376,412.55498475871616,514.4514265229757,218.65827766939907,230.37879312582947,197.65694362983865,360.54619682907276,490.33504091332634,218.93850665071773,193.1218984796527,1000.0,218.13654232406518,219.10003396486277,788.3460847288103,588.8990017778783,227.02200892751398,854.5406756371069,214.24025288395922,225.54870333935457,704.4936583617039,241.93582727768933,650.5614407588939,1000.0,823.7476283671675,656.6642962898176,232.56418854926454,886.8698810970494
64,ptdf_neg,OPTIMAL,2.8489999771118164,0.0,14700.960775213152,3.0850154339905643e9,40.18282306038073,0.0,OPTIMAL,466451.41949448077,9.335727747940754e9,135394.75012416122,165528.33468515973,300923.08480932104,-6.510010626368806e6,9.342237758567123e9,59329.06935279719,3661.731217869757,59329.06935279678,3661.731217869758,3566.0154846551077,48541.96583407945,6126.324803184347,48541.96583407909,6126.324803184347,-3566.0154846551077,53935.51759343677,7001.104754159051,53935.51759343639,7001.104754159029,0.0,205.07674172094463,354.4956826539234,193.15249932666495,415.5278786054545,622.5962928958626,540.7993871456376,412.55498475871616,514.4514265229757,218.65827766939907,230.37879312582947,197.65694362983865,360.54619682907276,490.33504091332634,218.93850665071773,193.1218984796527,1000.0,218.13654232406518,219.10003396486277,788.3460847288103,588.8990017778783,227.02200892751398,854.5406756371069,214.24025288395922,225.54870333935457,704.4936583617039,241.93582727768933,650.5614407588939,1000.0,823.7476283671675,656.6642962898176,232.56418854926454,886.8698810970494
65,ptdf_pos,TIME_LIMIT,220.45099997520447,1.3263807082662096,14700.960775213154,3.085015433990585e9,40.18282306038073,0.0,OPTIMAL,5.255416938621143e6,2.1402356245378204e10,310394.57926692313,2.4725111796771097e6,2.782905758944033e6,-1.486972403949295e7,2.1417225969417698e10,59329.06935279719,3661.731217869757,59329.06935279678,3661.731217869758,3566.0154846551077,48541.96583407945,6126.324803184347,48541.96583407909,6126.324803184347,-3566.0154846551077,53935.51759343677,7001.104754159051,53935.51759343639,7001.104754159029,0.0,0.0,1000.0,0.0,1000.0,1000.0,678.1047541590506,1000.0,0.0,1000.0,0.0,0.0,0.0,0.0,0.0,0.0,1000.0,0.0,0.0,0.0,1000.0,0.0,1000.0,1000.0,0.0,987.3248031843468,35.5312178697568,1000.0,1000.0,0.0,1000.0,1000.0,0.0
66,ptdf_neg,TIME_LIMIT,220.52999997138977,0.21012489064273907,14700.960775213154,3.0850154339905844e9,40.18282306038073,0.0,OPTIMAL,5.190659445118494e6,4.1533136090296165e10,602339.2575755008,2.2941600937714973e6,2.896499351346997e6,-2.8272682413379803e7,4.156140877270955e10,59329.06935279719,3661.731217869757,59329.06935279678,3661.731217869758,3566.0154846551077,48541.96583407945,6126.324803184347,48541.96583407909,6126.324803184347,-3566.0154846551077,53935.51759343677,7001.104754159051,53935.51759343639,7001.104754159029,0.0,0.0,1000.0,1000.0,1000.0,987.3248031843468,1000.0,0.0,1000.0,0.0,0.0,0.0,1000.0,1000.0,1000.0,0.0,678.1047541590506,0.0,1000.0,1000.0,0.0,35.5312178697568,0.0,0.0,0.0,1000.0,0.0,0.0,0.0,1000.0,0.0,0.0,1000.0
67,ptdf_pos,TIME_LIMIT,220.94700002670288,1.0287903333152286,14700.960775213154,3.085015433990585e9,40.18282306038073,0.0,OPTIMAL,4.1230165918047563e6,1.0376937685486395e10,150492.86475764614,1.986261863523555e6,2.1367547282812013e6,-7.069982791189969e6,1.0384007668277584e10,59329.06935279719,3661.731217869757,59329.06935279678,3661.731217869758,3566.0154846551077,48541.96583407945,6126.324803184347,48541.96583407909,6126.324803184347,-3566.0154846551077,53935.51759343677,7001.104754159051,53935.51759343639,7001.104754159029,0.0,0.0,0.0,1000.0,0.0,987.3248031843468,678.1047541590506,0.0,1000.0,0.0,1000.0,0.0,1000.0,1000.0,0.0,35.5312178697568,1000.0,0.0,0.0,1000.0,0.0,1000.0,0.0,0.0,0.0,1000.0,0.0,0.0,1000.0,1000.0,1000.0,0.0,1000.0
68,ptdf_neg,TIME_LIMIT,220.6710000038147,1.4222629781359433,14700.960775213154,3.085015433990585e9,40.18282306038073,0.0,OPTIMAL,5.93141175412905e6,4.9159486486506195e10,712950.3113333468,2.6092307213978516e6,3.3221810327311987e6,-3.4084995494730085e7,4.919357148200092e10,59329.06935279719,3661.731217869757,59329.06935279678,3661.731217869758,3566.0154846551077,48541.96583407945,6126.324803184347,48541.96583407909,6126.324803184347,-3566.0154846551077,53935.51759343677,7001.104754159051,53935.51759343639,7001.104754159029,0.0,1000.0,1000.0,0.0,1000.0,1000.0,1000.0,1000.0,0.0,35.5312178697568,0.0,0.0,0.0,0.0,1000.0,0.0,0.0,0.0,1000.0,0.0,1000.0,0.0,1000.0,0.0,0.0,987.3248031843468,0.0,1000.0,678.1047541590506,1000.0,0.0,0.0,1000.0
69,ptdf_pos,TIME_LIMIT,220.8109998703003,2.1942092763556365,14700.960775213154,3.0850154339905815e9,40.18282306038073,0.0,OPTIMAL,4.655029645348137e6,2.0909706860429287e10,303250.41003755,2.175889617655293e6,2.4791400276928437e6,-1.4571432161664218e7,2.092427829259095e10,59329.06935279719,3661.731217869757,59329.06935279678,3661.731217869758,3566.0154846551077,48541.96583407945,6126.324803184347,48541.96583407909,6126.324803184347,-3566.0154846551077,53935.51759343677,7001.104754159051,53935.51759343639,7001.104754159029,0.0,0.0,678.1047541590506,0.0,1000.0,1000.0,0.0,1000.0,0.0,1000.0,0.0,0.0,0.0,0.0,0.0,0.0,1000.0,0.0,0.0,0.0,1000.0,0.0,1000.0,1000.0,0.0,987.3248031843468,35.5312178697568,1000.0,1000.0,1000.0,1000.0,1000.0,0.0
70,ptdf_neg,TIME_LIMIT,220.81700015068054,0.30650671259115264,14700.960775213154,3.085015433990585e9,40.18282306038073,0.0,OPTIMAL,4.878385193265571e6,3.1718347734849327e10,460001.13654137903,2.2091920283620968e6,2.6691931649034745e6,-2.1730686505826563e7,3.1740078421355152e10,59329.06935279719,3661.731217869757,59329.06935279678,3661.731217869758,3566.0154846551077,48541.96583407945,6126.324803184347,48541.96583407909,6126.324803184347,-3566.0154846551077,53935.51759343677,7001.104754159051,53935.51759343639,7001.104754159029,0.0,0.0,1000.0,1000.0,1000.0,987.3248031843468,1000.0,0.0,1000.0,0.0,0.0,0.0,1000.0,1000.0,1000.0,0.0,1000.0,0.0,1000.0,1000.0,0.0,35.5312178697568,0.0,0.0,0.0,1000.0,0.0,0.0,0.0,0.0,678.1047541590506,0.0,1000.0
71,ptdf_pos,TIME_LIMIT,220.79199981689453,0.9931112561454081,14700.960775213154,3.0850154339905853e9,40.18282306038073,0.0,OPTIMAL,5.864467428764579e6,4.801389846263714e10,696333.4723524534,2.5840669782060618e6,3.280400450558517e6,-3.311112968214339e7,4.804700959231928e10,59329.06935279719,3661.731217869757,59329.06935279678,3661.731217869758,3566.0154846551077,48541.96583407945,6126.324803184347,48541.96583407909,6126.324803184347,-3566.0154846551077,53935.51759343677,7001.104754159051,53935.51759343639,7001.104754159029,0.0,35.5312178697568,1000.0,1000.0,1000.0,1000.0,1000.0,1000.0,0.0,0.0,0.0,0.0,0.0,0.0,1000.0,0.0,0.0,0.0,1000.0,0.0,1000.0,0.0,1000.0,0.0,0.0,987.3248031843468,0.0,1000.0,678.1047541590506,1000.0,0.0,0.0,1000.0
72,ptdf_neg,TIME_LIMIT,220.47000002861023,1.0992374737065416,14700.960775213154,3.085015433990582e9,40.18282306038073,0.0,OPTIMAL,3.6695616985075325e6,1.0473993086658382e10,151901.94392946988,1.7588298772890312e6,1.910731821218501e6,-7.241044475038946e6,1.048123413113342e10,59329.06935279719,3661.731217869757,59329.06935279678,3661.731217869758,3566.0154846551077,48541.96583407945,6126.324803184347,48541.96583407909,6126.324803184347,-3566.0154846551077,53935.51759343677,7001.104754159051,53935.51759343639,7001.104754159029,0.0,0.0,0.0,0.0,0.0,987.3248031843468,678.1047541590506,0.0,1000.0,0.0,1000.0,35.5312178697568,1000.0,1000.0,0.0,1000.0,1000.0,0.0,0.0,1000.0,0.0,1000.0,0.0,0.0,0.0,1000.0,0.0,0.0,1000.0,1000.0,1000.0,0.0,1000.0
73,ptdf_pos,TIME_LIMIT,220.56399989128113,0.9595420623125672,14700.960775213154,3.0850154339905844e9,40.18282306038073,0.0,OPTIMAL,5.537347319968043e6,2.595630436887588e10,376440.0439970512,2.580453637985496e6,2.956893681982547e6,-1.8058666920650616e7,2.597436303579653e10,59329.06935279719,3661.731217869757,59329.06935279678,3661.731217869758,3566.0154846551077,48541.96583407945,6126.324803184347,48541.96583407909,6126.324803184347,-3566.0154846551077,53935.51759343677,7001.104754159051,53935.51759343639,7001.104754159029,0.0,0.0,1000.0,0.0,1000.0,1000.0,1000.0,1000.0,0.0,1000.0,0.0,0.0,0.0,0.0,0.0,0.0,0.0,0.0,0.0,0.0,1000.0,0.0,1000.0,1000.0,0.0,987.3248031843468,35.5312178697568,1000.0,678.1047541590506,1000.0,0.0,1000.0,1000.0
74,ptdf_neg,TIME_LIMIT,220.6579999923706,14.501272471744185,14700.960775213154,3.085015433990584e9,40.18282306038073,0.0,OPTIMAL,4.235164194510982e6,1.0354905461382524e10,150171.8110277066,2.042496191741638e6,2.1926680027693445e6,-6.949499529230639e6,1.0361854960911755e10,59329.06935279719,3661.731217869757,59329.06935279678,3661.731217869758,3566.0154846551077,48541.96583407945,6126.324803184347,48541.96583407909,6126.324803184347,-3566.0154846551077,53935.51759343677,7001.104754159051,53935.51759343639,7001.104754159029,0.0,0.0,0.0,1000.0,0.0,987.3248031843468,678.1047541590506,0.0,1000.0,0.0,0.0,0.0,1000.0,1000.0,1000.0,0.0,1000.0,0.0,1000.0,1000.0,0.0,35.5312178697568,0.0,0.0,0.0,1000.0,0.0,0.0,1000.0,1000.0,1000.0,0.0,1000.0
75,ptdf_pos,TIME_LIMIT,220.5970001220703,0.136024546222841,14700.960775213154,3.085015433990585e9,40.18282306038073,0.0,OPTIMAL,7.060263380328313e6,3.545002560391431e10,514121.99880629696,3.2730706907610074e6,3.787192689567306e6,-2.4392313720183462e7,3.547441791763449e10,59329.06935279719,3661.731217869757,59329.06935279678,3661.731217869758,3566.0154846551077,48541.96583407945,6126.324803184347,48541.96583407909,6126.324803184347,-3566.0154846551077,53935.51759343677,7001.104754159051,53935.51759343639,7001.104754159029,0.0,0.0,0.0,1000.0,0.0,1000.0,678.1047541590506,1000.0,0.0,0.0,0.0,0.0,1000.0,987.3248031843468,1000.0,0.0,1000.0,0.0,1000.0,0.0,0.0,35.5312178697568,1000.0,0.0,0.0,1000.0,0.0,0.0,1000.0,1000.0,1000.0,0.0,1000.0
76,ptdf_neg,TIME_LIMIT,220.76699995994568,114.92376034446303,14700.960775213154,3.0850154339905844e9,40.18282306038073,0.0,OPTIMAL,3.240728921851481e6,2.0300506367364975e10,294412.57982112444,1.473158171015178e6,1.7675707508363028e6,-1.3961640292611688e7,2.0314468007657585e10,59329.06935279719,3661.731217869757,59329.06935279678,3661.731217869758,3566.0154846551077,48541.96583407945,6126.324803184347,48541.96583407909,6126.324803184347,-3566.0154846551077,53935.51759343677,7001.104754159051,53935.51759343639,7001.104754159029,0.0,0.0,1000.0,0.0,1000.0,0.0,1000.0,987.3248031843468,1000.0,1000.0,0.0,0.0,0.0,1000.0,0.0,0.0,0.0,0.0,0.0,1000.0,1000.0,0.0,0.0,1000.0,0.0,0.0,35.5312178697568,1000.0,678.1047541590506,1000.0,0.0,1000.0,1000.0
77,ptdf_pos,TIME_LIMIT,220.61600017547607,0.02344119960433245,14700.960775213154,3.085015433990585e9,40.18282306038073,0.0,OPTIMAL,4.329064750140605e6,2.273411664571724e10,329696.56764604873,1.999684091247277e6,2.329380658893327e6,-1.494652186012128e7,2.2749063167577362e10,59329.06935279719,3661.731217869757,59329.06935279678,3661.731217869758,3566.0154846551077,48541.96583407945,6126.324803184347,48541.96583407909,6126.324803184347,-3566.0154846551077,53935.51759343677,7001.104754159051,53935.51759343639,7001.104754159029,0.0,0.0,1000.0,0.0,1000.0,1000.0,1000.0,0.0,987.3248031843468,1000.0,0.0,0.0,1000.0,1000.0,0.0,0.0,0.0,0.0,0.0,1000.0,0.0,0.0,0.0,1000.0,0.0,1000.0,35.5312178697568,0.0,678.1047541590506,1000.0,0.0,1000.0,1000.0
78,ptdf_neg,TIME_LIMIT,220.6050000190735,0.4971271232589619,14700.960775213154,3.0850154339905844e9,40.18282306038073,0.0,OPTIMAL,4.1519889421521467e6,1.0474737373776043e10,151909.2243330111,2.0000398589095674e6,2.1519490832425794e6,-6.99910520172292e6,1.0481736478977766e10,59329.06935279719,3661.731217869757,59329.06935279678,3661.731217869758,3566.0154846551077,48541.96583407945,6126.324803184347,48541.96583407909,6126.324803184347,-3566.0154846551077,53935.51759343677,7001.104754159051,53935.51759343639,7001.104754159029,0.0,0.0,0.0,1000.0,0.0,0.0,678.1047541590506,1000.0,1000.0,0.0,0.0,0.0,0.0,987.3248031843468,1000.0,0.0,1000.0,0.0,1000.0,0.0,1000.0,35.5312178697568,1000.0,0.0,0.0,0.0,0.0,1000.0,1000.0,1000.0,1000.0,0.0,1000.0
79,ptdf_pos,TIME_LIMIT,220.45600008964539,0.04187011713996874,14700.960775213154,3.085015433990586e9,40.18282306038073,0.0,OPTIMAL,6.331333674164936e6,2.391051433462978e10,346769.4698031152,2.992282102180909e6,3.3390515719840266e6,-1.6579081785168916e7,2.3927093416414948e10,59329.06935279719,3661.731217869757,59329.06935279678,3661.731217869758,3566.0154846551077,48541.96583407945,6126.324803184347,48541.96583407909,6126.324803184347,-3566.0154846551077,53935.51759343677,7001.104754159051,53935.51759343639,7001.104754159029,0.0,0.0,0.0,1000.0,0.0,1000.0,678.1047541590506,1000.0,0.0,0.0,0.0,0.0,0.0,0.0,1000.0,0.0,1000.0,0.0,1000.0,1000.0,1000.0,35.5312178697568,1000.0,0.0,0.0,0.0,0.0,987.3248031843468,1000.0,1000.0,1000.0,0.0,1000.0
80,ptdf_neg,TIME_LIMIT,220.49300003051758,0.08426832360158715,14700.960775213154,3.0850154339905844e9,40.18282306038073,0.0,OPTIMAL,2.7950251981184063e6,1.981587891045712e10,287379.2710633186,1.2538229635275435e6,1.5412022345908626e6,-1.329079291186674e7,1.9829169703368984e10,59329.06935279719,3661.731217869757,59329.06935279678,3661.731217869758,3566.0154846551077,48541.96583407945,6126.324803184347,48541.96583407909,6126.324803184347,-3566.0154846551077,53935.51759343677,7001.104754159051,53935.51759343639,7001.104754159029,0.0,0.0,1000.0,0.0,1000.0,0.0,1000.0,0.0,1000.0,1000.0,0.0,0.0,1000.0,1000.0,0.0,0.0,0.0,0.0,0.0,0.0,987.3248031843468,0.0,0.0,1000.0,0.0,1000.0,35.5312178697568,1000.0,678.1047541590506,1000.0,0.0,1000.0,1000.0
